"Regiãode SP",Distrito,Nome da UBS,Endereço
CENTRO,Bela Vista,"UBS HUMAITÁ - DR. JOÃO DE AZEVEDOLAGE","R. HUMAITÁ, 520 - BELA VISTA - CEP: 01321-010 - Tel: 4210-5615/ 3241-1163"
Bela Vista,"UBS NOSSA SENHORA DO BRASIL -ARMANDO D ARIENZO","R. ALMIRANTE MARQUES LEÃO, 684 - BELA VISTA - CEP:01330-010 - Tel: 4210-6121/ 3541-3704",
,Bom Retiro,"UBS BOM RETIRO - DR. OCTAVIOAUGUSTO RODOVALHO","R. TENENTE PENA, 8 - BOM RETIRO - CEP: 01127-020 - Tel:3223-8827/ 4210-5426"
,Cambuci,UBS CAMBUCI,"AV. LACERDA FRANCO, 791 - CAMBUCI - CEP: 01536-000 - Tel:4210-5428/ 3207-7665"
Santa Cecília,UBS BORACEA,"R. BORACEA, 270 - BARRA FUNDA - CEP: 01135-010 - Tel: 3392-1281/ 3392-1882",
,Santa Cecília,"UBS SANTA CECÍLIA - DR HUMBERTOPASCALE","R. VITORINO CARMILO, 599 - CAMPOS ELÍSEOS - CEP: 01153-000 - Tel: 4210-6123/ 4210-5399"
,Sé,"UBS REPÚBLICA - FERNANDA SANTELIMEIRA","R. LIBERO BADARÓ, 282 - CENTRO - CEP: 01008-000 - Tel: 5925-1297/"
,Sé,UBS SÉ,"R. FREDERICO ALVARENGA, 259 - SE - CEP: 01020-030 - Tel:4210-6124/ 4210-5398"
LESTE,Água Rasa,AMA/UBS AGUA RASA,"R. SERRA DE JAIRE, 1480 - ÁGUA RASA - CEP: 03175-001 - Tel:2605-5307/"
Água Rasa,"AMA/UBS VILA ORATÓRIO - DR. TITOPEDRO MASCELANI","R. JOÃO FIALHO DE CARVALHO, 35 - VL DIVA - CEP: 03345-010- Tel: 2301-2979/ 2911-5318",
Água Rasa,"UBS VILA BERTIOGA - DOMINGOSDELASCIO","R. FAROL PAULISTANO, 410 - ALTO DA MOOCA - CEP: 03192-060 - Tel: 2965-1066/ 2021-7210",
Aricanduva,AMA/UBS VILA ANTONIETA,"R. CORONEL JOÃO DE OLIVEIRA MELO, 440 - VL ANTONIETA -CEP: 03474-020 - Tel: 2725-3997/ 2253-1852",
Aricanduva,UBS JARDIM IVA,"R. MIGUEL BASTOS SOARES, 55 - JD IVA - CEP: 03910-000 -Tel: 2211-0884/ 2911-1006",
Aricanduva,UBS VILA NOVA YORK,"R. DR EDGARD MAGALHÃES NORONHA, 200 - VL NOVA YORK -CEP: 03480-000 - Tel: 2721-2707/",
Artur Alvim,AMA/UBS PADRE MANOEL DA NÓBREGA,"AV. PADRE FRANCISCO DE TOLEDO, 545 - ARTHUR ALVIM -CEP: 03590-120 - Tel: 2741-7296/ 2748-6082",
Artur Alvim,UBS ANTONIO ESTEVÃO DE CARVALHO,"R. JAPANI, 7 - CIDADE AE CARVALHO - CEP: 08220-130 - Tel:2280-2373/ 2043-3400",
Artur Alvim,"UBS DR ANTONIO PIRES FERREIRAVILLALOBO","R. COELHO DE CASTRO, 95 - VL NHOCUNÉ - CEP: 03560-030 -Tel: 2749-3521/",
Artur Alvim,UBS JARDIM SÃO NICOLAU,"R. BROOK TAYLOR, 30 - JARDIM NORDESTE - CEP: 03690-000 -Tel: 2280-7508/ 2280-1508",
Artur Alvim,UBS PADRE JOSE DE ANCHIETA,"AV. SILVIO TORRES, 313 - ARTHUR ALVIM - CEP: 03589-010 -Tel: 2742-1367/",
Artur Alvim,UBS PARQUE ARTHUR ALVIM,"R. HENRIQUE JACOBS, 269 - ARTHUR ALVIM - CEP: 03566-010 -Tel: 2749-4235/ 2958-4235",
Belém,UBS BELENZINHO - MARCUS WOLOSKER,"AV. CELSO GARCIA, 1749 - BELENZINHO - CEP: 03015-000 -Tel: 2292-5687/ 2694-2697",
Brás,UBS BRAS - DR. MANOEL SALDIVA NETO,"R. JOAQUIM NABUCO, 165 - BRÁS - CEP: 03050-020 - Tel: 2692-0788/",
LESTE,Cangaíba,"AMA/UBS CANGAÍBA - DR. CARLOSGENTILE DE MELLO","AV. CANGAIBA, 3722 - CANGAÍBA - CEP: 03712-000 - Tel: 2621-6523/ 2621-9507"
Cangaíba,"AMA/UBS CHACARA CRUZEIRO DO SUL -ZELIA L M DORO","R. MERCEDES LOPES, 986 - VILA SANTANA - CEP: 03614-000 -Tel: 2641-5130/",
Cangaíba,AMA/UBS VILA SILVIA,"R. BELEM SANTOS, 222 - VILA SILVIA - CEP: 03821-170 - Tel:2545-8181/ 2545-6838",
Cangaíba,"UBS ENGENHEIRO GOULART - DR. JOSÉPIRES","R. AUGUSTO CORREIA LEITE, 538 - ENG. GOULART - CEP:03726-100 - Tel: 2621-7402/ 2621-7042",
Cangaíba,UBS JARDIM SÃO FRANCISCO I,"R. JURITI PIRANGA, 195 - CANGAÍBA - CEP: 03718-020 - Tel:2957-2808/ 2681-0250",
Carrão,"UBS VILA CARRÃO - DR. ADHEMARMONTEIRO PACHECO","R. DR JACI BARBOSA, 280 - VL CARRÃO - CEP: 03447-000 - Tel:2785-4728/ 2036-3853",
Carrão,"UBS VILA NOVA MANCHESTER - DR.ARLINDO GENNARI","PRAÇA HAROLDO DALTRO, 461 - VL NOVA MANCHESTER -CEP: 03444-090 - Tel: 2295-4163/ 2296-6843",
Cidade Líder,AMA/UBS JARDIM BRASILIA,"AV. OSVALDO VALLE CORDEIRO, 245 - JD BRASILIA - CEP:03584-000 - Tel: 2741-6938/ 2743-9476",
Cidade Líder,UBS CIDADE LIDER,"AV. DR FRANCISCO MUNHOZ FILHO, 379 - CIDADE LIDER -CEP: 08280-000 - Tel: 2741-1563/ 2017-2743",
Cidade Líder,UBS JARDIM MARILIA,"R. ELZA DOS ANJOS NEVES, 100 - CIDADE LIDER - CEP: 03585-100 - Tel: 2743-9526/ 2746-3008",
Cidade Líder,UBS JARDIM SANTA MARIA,"R. EMBIRATAÍ, 201 - JD SANTA MARIA - CEP: 03576-000 - Tel:2724-7004/ 2727-4160",
Cidade Líder,UBS JARDIM SANTA TEREZINHA,"AV. DOS LATINOS, 205 - JD SANTA TEREZINHA - CEP: 03572-000 - Tel: 2721-1815/ 2725-0711",
Cidade Líder,UBS VILA ITAPEMA,"R. COSTEIRA, 572 - JD ARISI - CEP: 03573-010 - Tel: 2724-6146",
"CidadeTiradentes",AMA/UBS FAZENDA DO CARMO,"R. FRANCISCO CARDOSO JR., 10 - CIDADE TIRADENTES -CEP: 08421-105 - Tel: 2556-7600/ 2518-2152",
"CidadeTiradentes",UBS BARRO BRANCO,"R. EDUARDO REUTER, 678 - COHAB BARRO BRANCO I - CEP:08473-533 - Tel: 2558-6944/",
"CidadeTiradentes",UBS CARLOS GENTILE DE MELO,"AV. DOS TÊXTEIS, 3765 - CIDADE TIRADENTES - CEP: 08490-600 - Tel: 2282-2522/ 2964-8081",
"CidadeTiradentes",UBS CASTRO ALVES,"R. CADERNO DE VIAGEM, 55 - CASTRO ALVES - CEP: 08474-170 - Tel: 2282-0913/ 2282-0320",
"CidadeTiradentes","UBS CIDADE TIRADENTES - LUISMARANHÃO","AV. DOS TÊXTEIS, 512 - CIDADE TIRADENTES - CEP: 08490-600 - Tel: 4780-5110/ 2282-0250",
"CidadeTiradentes",UBS DOM ANGELICO,"ESTRADA MANOEL OLIVEIRA RAMOS, 1 - CIDADETIRADENTES - CEP: 08473-000 - Tel: 2555-3894/ 4780-5062",
"CidadeTiradentes",UBS FERROVIÁRIOS,"R. GONÇALVES NINA, 58 - CIDADE TIRADENTES - CEP: 08470-610 - Tel: 2558-6888/ 4780-5063",
"CidadeTiradentes",UBS GRÁFICOS,"R. FRANCISCO JOSE VIANA, 708 - CIDADE TIRADENTES - CEP:08471-530 - Tel: 2285-5685/ 4780-5065",
"CidadeTiradentes",UBS INACIO MONTEIRO,"R. INÁCIO MONTEIRO, 3002 - CIDADE TIRADENTES - CEP:08490-000 - Tel: 2555-6455/ 4780-5066",
"CidadeTiradentes",UBS JARDIM VITÓRIA,"R. LAGEDO, 123 - CIDADE TIRADENTES - CEP: 04846-650 - Tel:2282-6050/ 4780-5061",
"CidadeTiradentes",UBS NASCER DO SOL,"R. SENADOR NELSON CARNEIRO, 617 - CIDADE TIRADENTES -CEP: 08485-300 - Tel: 4810-7700/",
"CidadeTiradentes",UBS PREFEITO PRESTES MAIA,"R. INACIO PINTO LIMA, 35 - CIDADE TIRADENTES - CEP: 08490-020 - Tel: 2555-5587/ 4780-5064",
"CidadeTiradentes",UBS PROFETA JEREMIAS,"R. LUIS BORDESE, 63 - CIDADE TIRADENTES - CEP: 08471-710Tel: 4780-5067/ 2558-3866",
LESTE,"ErmelinoMatarazzo","AMA/UBS PARQUE BOTURUSSU PROF. DR.HUMBERTO CERRUTI","AV. OLAVO EGÍDIO DE SOUZA ARANHA, 704 - VL CISPER -CEP: 03822-000 - Tel: 2943-9991/ 2541-4685"
"ErmelinoMatarazzo",UBS ERMELINO MATARAZZO,"R. ANTONIO DE FREITAS TOLEDO, 185 - ERMELINOMATARAZZO - CEP: 03809-060 - Tel: 2545-8235/ 2542-0945",
"ErmelinoMatarazzo",UBS JARDIM KERALUX,"R. BATUIRA DO CAMPO, 51 - JARDIM KERALUX - CEP:03828-000  - Tel: 2546-6177/ 2542-0837",
"ErmelinoMatarazzo",UBS PEDRO DE SOUZA CAMPOS,"R. PAULO BIFANO ALVES, 764 - PQ BOTURUSSU - CEP: 03801-000 - Tel: 2546-4111/ 2214-0482",
"ErmelinoMatarazzo",UBS VILA CISPER,"R. CACULÉ, 79 - VL CISPER - CEP: 03817-220 - Tel: 2546-5100/2542-0154",
"ErmelinoMatarazzo",UBS VILA PARANAGUÁ,"R. JOSÉ GOES NOGUEIRA, 70 - VL PARANAGUÁ - CEP: 03807-380 - Tel: 2943-8044/ 2546-0098",
Guaianases,UBS GUAIANASES II,"R. COMANDANTE CARLOS RUHL, 189 - GUAIANASES - CEP:08410-120 - Tel: 2554-4064/ 4780-5095",
Guaianases,UBS JARDIM SOARES,"R. FELICIANO DE MENDONÇA, 496 - JD SOARES - CEP: 08460-365 - Tel: 4780-5035/ 2557-7022",
Guaianases,UBS PREFEITO CELSO AUGUSTO DANIEL,"R. JORGE MARACCINI PONFILIO, 210 - CJ. HAB JUSCELINOKUBITSCHEK - CEP: 08465-050 - Tel: 2556-7997/ 4780-5034",
Guaianases,UBS SÃO CARLOS - GUAIANASES,"R. MACABU, 35 - JD SAO CARLOS - CEP: 08411-470 - Tel: 4780-5036/",
Guaianases,UBS VILA COSMOPOLITA,"R. ALDEIA MARIA, 258 - GUAIANASES - CEP: 08021-070 - Tel:2555-8583/ 2556-7881",
Iguatemi,AMA/UBS JARDIM DA CONQUISTA III,"TRAVESSA SOMOS TODOS IGUAIS, 330 - SÃO MATEUS - CEP:08343-000 - Tel: 2736-7092/ 2736-2079",
Iguatemi,AMA/UBS JARDIM DAS LARANJEIRAS,"R. BENTO GUELFI, 1100 - JD DA LARANJEIRAS - CEP: 08381-001 - Tel: 2731-7252/",
Iguatemi,UBS CDHU PALANQUE,"R. PONTE DA AMIZADE (ALT. AV. RAGUEB CHOHFI, 7208), 2 -JD PALANQUE - CEP: 08375-000 - Tel: 2736-2573",
Iguatemi,UBS JARDIM DA CONQUISTA II,"TRAVESSA SOMOS TODOS IGUAIS, 915 - JARDIM DACONQUISTA - CEP: 08343-000 - Tel: 2253-9547/ 2735-3079",
Iguatemi,UBS JARDIM ROSELI,"R. SIMÃO NUNES, 31 - JD ROSELI - CEP: 08380-039 - Tel: 2731-5143/",
Iguatemi,UBS PARQUE BOA ESPERANÇA,"AV. RAGUEB CHOHFI, 3826 - PARQUE BOA ESPERANÇA - CEP:08341-410 - Tel: 2731-6484/ 2731-0669",
Iguatemi,UBS RECANTO VERDE SOL,"ESTRADA DOS FIDELIS, 10 - RECANTO VERDE SOL - CEP:08382-505 - Tel: 2734-3271/",
Itaim Paulista,AMA/UBS JARDIM DAS OLIVEIRAS,"R. JOSÉ DA CRUZ CAMARGO, 174 - ITAIM PAULISTA - CEP:08122-100 - Tel: 2572-0367/ 2963-2415",
Itaim Paulista,UBS ATUALPA GIRÃO RABELO,"R. AMBARÉ, 150 - JARDIM CAMARGO NOVO - CEP: 08140-004 -Tel: 2963-2634/ 2963-1436",
Itaim Paulista,UBS CIDADE KEMEL,"AV. KEMEL ADDAS, 1031 - CIDADE KEMEL - CEP: 08131-220 -Tel: 2963-2346/ 2569-0515",
Itaim Paulista,"UBS ENCOSTA NORTE - LUIZ JOSESANTOS","R. RENATA AGONDI, 238 - ITAIM PAULISTA - CEP: 08131-320 -Tel: 4780-5113/ 4780-2937",
Itaim Paulista,"UBS ITAIM PAULISTA - DR. JÚLIO DEGOUVEIA","PRAÇA MAJOR JOSE LEVY SOBRINHO, 139 - ITAIM PAULISTA -CEP: 08110-460 - Tel: 2561-9443/ 2572-0672",
Itaim Paulista,UBS JARDIM CAMARGO NOVO,"R. BOIGUAÇU, 51 - JD CAMARGO NOVO - CEP: 08121-270 - Tel:2562-1193/ 2567-5959",
Itaim Paulista,UBS JARDIM INDAIÁ,"R. ANTONIO LEME DA GUERRA, 182 - ITAIM PAULISTA - CEP:08141-130 - Tel: 2561-7904/ 2963-3711",
Itaim Paulista,UBS JARDIM NÉLIA,"R. ITAJUIBE, 1910 - ITAIM PAULISTA - CEP: 08142-000 - Tel:2963-3802/ 2572-1948",
LESTE,Itaquera,AMA/UBS AGUIA DE HAIA,"R. TANTAS PALAVRAS, 59 - COHAB ÁGUIA DE HAIA - CEP:08223-510 - Tel: 3756-3264/"
Itaquera,UBS CONJUNTO AE CARVALHO,"R. CORRE CORRE, 30 - ITAQUERA - CEP: 08225-550 - Tel: 4780-5111/",
Itaquera,UBS ITAQUERA,"R. AMÉRICO SALVADOR NOVELLI, 265 - ITAQUERA - CEP:08210-090 - Tel: 2286-0015/ 2071-2422",
Itaquera,UBS PARADA XV DE NOVEMBRO,"R. IBIAJARA, 804 - PARADA XI DE NOVEMBRO - CEP: 08246-101- Tel: 2286-0017/ 2071-3232",
Itaquera,UBS VILA CARMOSINA,"R. IPOPOCA, 61 - ITAQUERA - CEP: 08290-330 - Tel: 2524-7796/2521-0124",
Itaquera,UBS VILA NOSSA SENHORA APARECIDA,"R. PAULINO SERQUEIRA X GUAIA GUAÇU, 1 - ITAQUERA -CEP: 08215-160 - Tel: 2079-7871/ 2073-6039",
Itaquera,"UBS VILA RAMOS - DR. LUIZ AUGUSTO DECAMPOS","AV. AUGUSTO ANTUNES, 1631 - LIMOEIRO - CEP: 08235-630 -Tel: 2052-6945/ 2051-7317",
Itaquera,UBS VILA REGINA,"R. CATARINA LOPES, 450 - VILA REGINA - CEP: 08225-000 - Tel:2205-6003/ 2944-7662",
Itaquera,UBS VILA SANTANA,"R. VITOR JOSE DE CASTRO, 84 - VL SANTANA - CEP: 08240-300 - Tel: 2051-3962/ 2052-9698",
Jardim Helena,UBS JARDIM HELENA,"AV. KUMAKI AOKI, 1390 - JARDIM HELENA - CEP: 08090-370 -Tel: 2581-1661/ 2586-3812",
Jardim Helena,UBS JARDIM MAIA,"R. MARFIM VEGETAL, 108 - JD MAIA - CEP: 08081-330 - Tel:2581-6962/ 2581-0183",
Jardim Helena,UBS JARDIM ROMANO VILA ITAIM,"R. RIO MANUEL ALVES, 182 - ITAIM PAULISTA - CEP: 08190-450- Tel: 3678-5222/ 2581-3737",
Jardim Helena,UBS PARQUE PAULISTANO,"R. SILVEIRA PIRES, 265 - PARQUE PAULISTANO - CEP: 08080-160 - Tel: 2025-9469/ 3678-7309",
Jardim Helena,UBS TRÊS PONTES,"R. CAPACHOS, 136 - JARDIM CELIA - CEP: 08191-330 - Tel: 47805112/",
José Bonifácio,AMA/UBS JOSÉ BONIFÁCIO I,"AV. PROF. OSVALDO DE OLIVEIRA, 610 - JD HELENA - CEP:08420-280 - Tel: 2557-5136/ 2557-8844",
José Bonifácio,"AMA/UBS JOSE BONIFACIO III - DRA. LUCYMAYUMI UDAKIRI","R. SILVIO BARBINI, 40 - JOSE BONIFACIO - CEP: 08250-650 -Tel: 2944-6086/ 2071-2500",
José Bonifácio,"UBS JARDIM SÃO PEDRO - FRANCISCOANTONIO CESARONI","R. SILVIANOPOLIS, 370 - JD SÃO PEDRO - CEP: 08420-680 - Tel:2557-8938/ 2552-5355",
José Bonifácio,"UBS JOSE BONIFACIO II - CELINA MARIAJOSE DE OLIVEIRA","R. MURMÚRIOS DA TARDE, 30 - COHAB JOSE BONIFÁCIO -CEP: 08253-580 - Tel: 2521-1226/ 2521-5325",
Lajeado,UBS GUAIANAZES,"R. PROFESSOR COSME DEODATO TADEU, 90 - GUAIANASES -CEP: 08450-380 - Tel: 2557-8177/ 4780-5030",
Lajeado,UBS JARDIM AURORA,"AV. CLAUDIO DA COSTA, 54 - GUAIANASES - CEP: 08431-160 -Tel: 2035-1671/ 4780-5093",
Lajeado,UBS JARDIM BANDEIRANTES,"R. PACHECO ARANHA, 4 - GUAIANASES - CEP: 08451-410 - Tel:2557-5273/ 4780-5027",
Lajeado,UBS JARDIM ETELVINA,"R. MANUEL TEODORO XAVIER, 138 - GUAIANASES - CEP:08430-570 - Tel: 2035-1756/ 4780-5071",
Lajeado,UBS JARDIM FANGANIELLO,"R. FRANCISCO NUNES CUBAS, 60 - LAJEADO - CEP: 08450-460- Tel: 2557-6698/ 4780-5029",
Lajeado,UBS JARDIM ROBRU - GUAIANAZES,"AV. NORDESTINA, 5593 - LAJEADO - CEP: 08431-410 - Tel: 2035-1860/ 4780-5094",
Lajeado,UBS PRIMEIRO DE OUTUBRO,"TRAVESSA AÇUCENA DO BREJO, 16 B - JARDIM LOURDES -CEP: 08452-590 - Tel: 2035-8010/",
Lajeado,UBS SANTA LUZIA,"R. CONJUNTO DA PAZ, 39 - JD MIRIAM - CEP: 08142-360 - Tel:2569-1887/ 4780-5031",
Lajeado,UBS VILA CHABILÂNDIA,"ESTRADA DO LAGEADO VELHO, 392 - LAJEADO - CEP: 08451-000 - Tel: 4780-5092/ 2557-9571",
LESTE,Mooca,UBS MOOCA I,"R. TAQUARI, 549 - MOOCA - CEP: 03166-000 - Tel: 2618-5255/2291-5517"
Pari,AMA/UBS PARI,"R. DAS OLARIAS, 503 - CANINDÉ - CEP: 03030-020 - Tel: 3227-0081/",
"Parque doCarmo","UBS GLEBA DO PÊSSEGO - VICENTE FIUZADA COSTA","R. CONFISSÃO, 786 - GLEBA DO PESSEGO - CEP: 08265-230 -Tel: 2521-8924/ 2521-8840",
"Parque doCarmo","UBS JARDIM COPA - MATHILDE DE AQUINODINIZ","R. PONTA DE LUCENA, 330 - JARDIM MARABA - CEP: 08270-340 - Tel: 2524-5020/",
"Parque doCarmo",UBS JARDIM HELIAN,"R. JOÃO BARREIROS, 22 - JARDIM HELIAN - CEP: 08265-130 -Tel: 2521-7615/ 4780-5097",
"Parque doCarmo",UBS JARDIM NOSSA SENHORA DO CARMO,"R. VERÍSSIMO DA SILVA, 723 - JARDIM NOSSA SENHORA DOCARMO - CEP: 08275-270 - Tel: 2748-5103/ 2748-0646",
"Parque doCarmo",UBS SANTO ESTEVÃO - CARMOSINA,"R. CACHOEIRA DA ILHA, 355 - ITAQUERA - CEP: 08270-110 -Tel: 2523-0577/",
Penha,UBS ENGENHEIRO TRINDADE,"AV. GABRIELA MISTRAL, 1168 - ENG. TRINDADE - CEP: 03701-000 - Tel: 2641-6973/ 2642-7229",
Penha,"UBS VILA ESPERANÇA - DR. CASSIOBITENCOURT FILHO","R. ALVINÓPOLIS, 1350 - VILA BEATRIZ - CEP: 03644-070 - Tel:2023-1137/ 2957-6630",
Penha,"UBS VILA ESPERANÇA - DR. EMILIOSANTIAGO DE OLIVEIRA","R. COREMU, 163 - VL ESPERANÇA - CEP: 03647-030 - Tel: 2958-7502/ 2791-5322",
Penha,"UBS VILA GRANADA - DR ALFREDOFERREIRA PAULINO FILHO","R. MADALENA JULIA, 60 - VILA GRANADA - CEP: 03660-010 -Tel: 2257-1194/",
Ponte Rasa,"AMA/UBS JARDIM TRÊS MARIAS - DR.MAURICIO ZAMIJOVSKY","R. BRENO ACCIOLI, 19 - VILA SÃO FRANCISCO - CEP: 03676-040 - Tel: 2280-4388/",
Ponte Rasa,UBS BURGO PAULISTA,"R. JOSÉ SILVA ALCANTARA FILHO, 1031 - BURGO PAULISTA -CEP: 03680-000 - Tel: 2280-0080/ 2046-8809",
Ponte Rasa,UBS COSTA MELO,"R. LUIS ASSON, 165 - VL MONTEVIDEO - CEP: 03624-010 - Tel:2958-2981/ 2685-8384",
Ponte Rasa,UBS JARDIM PENHA,"AV. SÃO MIGUEL, 3721 - PONTE RASA - CEP: 03871-000 - Tel:2546-5867/ 2214-3227",
Ponte Rasa,"UBS JARDIM POPULAR - DR. MATHEUSSANTAMARIA","R. ILHA DE CASTILHOS, 271 - JARDIM POPULAR - CEP: 03670-010 - Tel: 2791-6421/ 2685-0439",
Ponte Rasa,"UBS PONTE RASA - DR. CARLOS OLIVALDODE SOUZA LOPES MUNIZ","R. JACO BERTILLON, 22 - ALTO DA PONTE RASA - CEP: 03894-000 - Tel: 2041-1744/ 2047-3372",
São Lucas,"AMA/UBS JARDIM INDEPENDÊNCIA -HERMENEGILDO MORBIN JR","R. PLANALTO DE CONQUISTA, 80 - JD INDEPENDÊNCIA - CEP:03223-170 - Tel: 2115-3761/ 2211-2772",
São Lucas,UBS JARDIM GUAIRACÁ,"R. ERVA IMPERIAL, 501 - JD GUAIRACÁ - CEP: 03244-030 - Tel:2301-1339/",
São Lucas,UBS PARQUE SÃO LUCAS,"R. DR NOGUEIRA DE NORONHA, 322 - PQ SÃO LUCAS - CEP:03239-080 - Tel: 2918-3595/ 2211-2503",
São Lucas,UBS REUNIDAS I,"R. SÃO JOSE DAS ESPINHARAS, 400 - VL INDUSTRIAL - CEP:03249-030 - Tel: 2702-5924/ 2143-8183",
São Lucas,UBS VILA EMA - DR FUAD KASSAB,"R. GUSTAVO STACH, 140 - VILA EMA - CEP: 03278-030 - Tel:2116-3007/",
São Lucas,UBS VILA HELOISA,"R. AIRES QUARESMA, 11 - VILA HELOISA - CEP: 03286-095 -Tel: 2302-2347/ 2910-4068",
LESTE,São Mateus,"AMA/UBS JARDIM TIETE I - OSCARPEREIRA DA SILVA","AV. ENGENHO NOVO, 120 - JARDIM TIETÊ - CEP: 03943-020 -Tel: 2017-1431/"
São Mateus,UBS CIDADE SATELITE - SANTA BARBARA,"R. SOL, 45 - CIDADE SATÉLITE STA. BARBARA - CEP: 08330-360 - Tel: 2919-5857/",
São Mateus,UBS JARDIM COLONIAL,"AV. JOSÉ RODRIGUES SANTARÉM, 464 - JD COLONIAL - CEP:03968-010 - Tel: 2919-0554/ 2018-3519",
São Mateus,UBS JARDIM IV CENTENÁRIO,"R. CAMPO FLORIDO, 482 - JD IMPERADOR - CEP: 03940-060 -Tel: 2721-4249/ 2726-0174",
São Mateus,UBS JARDIM NOVE DE JULHO,"R. SIBALDO LINS, 146 - SÃO MATEUS - CEP: 03953-100 - Tel:2011-9815/ 2919-0200",
São Mateus,"UBS JARDIM PARAGUAÇU - DR. GONÇALOFELICIANO ALVES","R. TAIOBEIRAS, 125 - JD PARAGUACU - CEP: 03941-060 - Tel:2727-0484/",
São Mateus,UBS JARDIM TIETE II,"R. AUGUSTO FERREIRA RAMOS, 9 - JARDIM NOVE DE JULHO -CEP: 03947-030 - Tel: 2017-0093/",
São Mateus,"UBS SÃO MATEUS - NAIR ALVES DEREZENDE NORIMBENI","R. ANGELO DE CANDIA, 1058 - SÃO MATEUS - CEP: 03958-000 -Tel: 2017-2706/ 2919-1717",
São Miguel,UBS CIDADE NOVA SÃO MIGUEL,"R. MOHAMED IBRAHIN SALEH, 828 - CIDADE NOVA SAO MIGU -CEP: 08042-130 - Tel: 2051-3560/",
São Miguel,UBS JARDIM LAPENNA,"R. SERRA DA JURUOCA, 367 - SÃO MIGUEL PAULISTA - CEP:08071-180 - Tel: 2058-3722/",
São Miguel,UBS NITRO OPERÁRIA - PAULO FELDMAN,"R. CUMARU, 14 - SÃO MIGUEL PAULISTA - CEP: 08010-380 -Tel: 2956-6923/",
São Miguel,UBS VILA PROGRESSO,"R. REAL HORTO, 115 - VL PROGRESSO - CEP: 08245-260 - Tel:2035-2488/",
São Rafael,AMA/UBS JARDIM SANTO ANDRÉ,"R. MIGUEL FERREIRA DE MELO, 497 - JARDIM SANTO ANDRE -CEP: 08390-000 - Tel: 2751-4339/ 2253-8623",
São Rafael,AMA/UBS JARDIM SAO FRANCISCO II,"R. BANDEIRA DE ARACAMBI, 704 - JARDIM RODOLFO PIRANI -CEP: 08310-010 - Tel: 2751-6712/ 2753-8298",
São Rafael,UBS JARDIM CARRÃOZINHO,"R. MARCOS GONCALVES CORREIA, 25 - JD VILA CARRÃO -CEP: 08340-320 - Tel: 2754-0622/",
São Rafael,UBS JARDIM COLORADO - DR. JOSÉ PIRES,"R. DR JOSÉ DE ARAÚJO VIEIRA, 61 - JARDIM RODOLFOPIRANI - CEP: 08310-240 - Tel: 2751-6474",
São Rafael,UBS JARDIM DA CONQUISTA I,"R. PERAMIRIM (ESQ. R. MARCOS GONÇALVES CORREIA), 1 -VL BELA - CEP: 08340-500 - Tel: 2253-2723/ 2253-4573",
São Rafael,"UBS PARQUE SÃO RAFAEL - DRA. ORAROSEN","R. DR ARISTIDES RICARDO, 313 - PARQUE SÃO RAFAEL -CEP: 08311-270 - Tel: 2919-5006/",
São Rafael,UBS RIO CLARO,"R. CINIRA POLÔNIO, 33 - JD RIO CLARO - CEP: 08395-320 - Tel:2253-4307/ 2751-5112",
Sapopemba,"AMA/UBS JARDIM ELBA - HUMBERTOGASTÃO BODRA","R. BATISTA FERGUSIO, 1016 - VL CARDOSO FRANCO - CEP:03978-180 - Tel: 2704-3491/ 2704-8997",
Sapopemba,AMA/UBS JARDIM GRIMALDI,"R. PEDRO DE CASTRO VELHO, 523 - VL BANCÁRIA - CEP:03921-000 - Tel: 2216-8076/ 2302-2424",
Sapopemba,UBS FAZENDA DA JUTA I,"TRAVESSA LEV LANDAU, 23 A - FAZENDA DA JUTA - CEP:03977-740 - Tel: 2015-3456/ 2015-3459",
Sapopemba,UBS FAZENDA DA JUTA II,"R. AUGUSTIN LUBERTI, 1102 - FAZENDA DA JUTA - CEP: 03977-409 - Tel: 2015-3439/ 2015-3444",
Sapopemba,UBS IAÇAPE - JARDIM PLANALTO,"R. IAÇAPÉ, 302 - PQ SANTA MADALENA - CEP: 03983-090 - Tel:2703-1198/ 2703-1191",
LESTE,Sapopemba,"UBS IGUAÇU - MARIA JOSE MARIANO DASILVA","AV. DO ORATÓRIO, 6557 - VL INDUSTRIAL - CEP: 03221-300 -Tel: 2701-7213/ 2702-5934"
Sapopemba,"UBS JARDIM DOS EUCALÍPTOS - HELIOMOREIRA SALLES","R. POEMA DAS AMERICAS, 12 - JD DOS EUCALIPTOS - CEP:03924-240 - Tel: 2701-7933/ 2718-1440",
Sapopemba,"UBS JARDIM SAPOPEMBA - PROF DRHUMBERTO DELBONI FILHO","R. JOÃO LOPES DE LIMA, 1151 - JARDIM SAPOPEMBA - CEP:03976-020 - Tel: 2019-6305/ 2019-7077",
Sapopemba,UBS JARDIM SINHA,"R. JIM CLARK, 10 - JARDIM SINHA - CEP: 03923-165 - Tel: 2722-6823/ 2721-3798",
Sapopemba,UBS MASCARENHAS DE MORAES,"R. SARG. EDGAR LOURENÇO PINTO, 116 - CJ. MAL.MASCARENHAS DE MORAES - CEP: 03977-180 - Tel: 2919-1120/2014-1904",
Sapopemba,UBS PASTORAL,"R. NOVA RESENDE, 199 - PQ SANTA MADALENA - CEP: 03981-090 - Tel: 2702-5889/ 2702-5888",
Sapopemba,UBS PRO MORAR,"R. GIOVANNI NASCO, 535 - CONJ HABITACIONAL TEOTONIOVILELA - CEP: 03928-090 - Tel: 2036-1448/",
Sapopemba,UBS REUNIDAS II,"AV. DA CASA GRANDE, 1258 - VILA UNIAO - CEP: 03260-000 -Tel: 2706-0555/ 2143-1356",
Sapopemba,UBS SANTA MADALENA,"R. PALMEIRA BACABA, 36 - JD ELBA - CEP: 03980-050 - Tel:2702-5919/ 2702-5905",
Sapopemba,UBS TEOTONIO VILELA,"AV. ARQUITETO VILANOVA ARTIGAS, 1071 - JD SAPOPEMBA -CEP: 03928-240 - Tel: 2704-1383/ 2704-1340",
Sapopemba,"UBS VILA RENATO - MARIA DAS GRAÇASDA SILVA","R. BERNARDINO FERRAZ, 54 - VL RENATO - CEP: 03978-210 -Tel: 2703-0947/ 2703-0970",
Tatuapé,"UBS VILA SANTO ESTEVÃO - WOADYJORGE KALIL","R. ANTONIO CAMARDO, 678 - VILA GOMES CARDIM - CEP:03309-060 - Tel: 2093-7620/ 2274-0222",
Vila Curuçá,UBS DOM JOÃO NERY,"ESTRADA DOM JOAO NERY, 3462 - JD NAZARE - CEP: 08151-000 - Tel: 2566-3624/ 4780-5089",
Vila Curuçá,UBS JARAGUÁ,"R. DOMINGUES VIDIGAL, 97 - VL CURUÇÁ - CEP: 08160-350 -Tel: 2963-9276/ 2569-2027",
Vila Curuçá,UBS JARDIM CAMPOS,"R. CRESCENTE, 97 - ITAIM PAULISTA - CEP: 08160-080 - Tel:3808-2655/ 2035-4922",
Vila Curuçá,"UBS JARDIM ROBRU - MESSIAS JOSE DASILVA","R. JOSÉ MARIA ALVES DE DEUS, 288 - JD ROBRU - CEP: 08150-350 - Tel: 4780-5042/ 2035-2406",
Vila Curuçá,UBS JARDIM SILVA TELLES,"R. JOSÉ ALEXANDRE MACHADO, 541 - ITAIM PAULISTA - CEP:08160-460 - Tel: 4780-5044/ 2561-8034",
Vila Curuçá,UBS PARQUE SANTA RITA,"R. JOSÉ PESSOTA, 80 - PQ SANTA RITA - CEP: 08150-020 - Tel:4780-5043/ 2513-7109",
Vila Curuçá,UBS VILA CURUÇÁ,"R. PEDRO MEIRA, 1 - VL CURUÇÁ - CEP: 08030-500 - Tel: 4780-5037/ 2035-4311",
Vila Curuçá,UBS VILA NOVA CURUÇÁ,"R. NARCEJA, 51 - SÃO MIGUEL PAULISTA - CEP: 08032-340 -Tel: 2035-2292/ 2135-2990",
Vila Formosa,"UBS VILA FORMOSA - COMENDADOR JOSÉGONZALEZ","R. NOSSA SENHORA DAS DORES, 350 - VL FORMOSA - CEP:03367-040 - Tel: 2910-0235/ 2216-7583",
Vila Formosa,"UBS VILA FORMOSA I - DR. ANTONIO DASILVEIRA E OLIVEIRA","R. ACURUÍ, 720 - VL FORMOSA - CEP: 03355-000 - Tel: 2671-0888/ 2673-3404",
Vila Formosa,UBS VILA FORMOSA II,"R. OURICURI, 455 - VILA FORMOSA - CEP: 03365-000 - Tel: 26745246/ 5594-0179",
Vila Formosa,UBS VILA GUARANI,"R. TERESINHA, 123 - JD MARINGÁ - CEP: 03382-180 - Tel: 2910-2958/ 2717-2732",
LESTE,Vila Jacuí,AMA/UBS SÍTIO DA CASA PINTADA,"AV. MARIA SANTANA, 1069 - JARDIM CASA PINTADA - CEP:08050-130 - Tel: 2053-0800/ 2053-7174"
Vila Jacuí,UBS CIDADE PEDRO JOSE NUNES,"R. JOSE BARGAS, 143 - JD PEDRO JOSE NUNES - CEP: 08061-020 - Tel: 2297-5453/ 2956-5492",
Vila Jacuí,UBS JARDIM DAS CAMÉLIAS,"AV. TRÊVO DE SANTA MARIA, 79 - SÃO MIGUEL PAULISTA -CEP: 08050-570 - Tel: 2051-8788/",
,Vila Jacuí,UBS JARDIM SAO CARLOS,"AV. CESAR AUGUSTO ROMARO, 500 - VILA NORMA - CEP:08062-000 - Tel: 2956-8122/"
,Vila Jacuí,UBS SANTA INÊS,"R. FREI FIDELIS MOTA, 1001 - PQ CRUZEIRO DO SUL - CEP:08070-130 - Tel: 2297-9669/"
Vila Jacuí,UBS THÉRSIO VENTURA,"R. ARRAIAL DE SANTA BARBARA, 996 - CIDADE PEDRO JNUNES - CEP: 08061-360 - Tel: 2545-1026/",
Vila Jacuí,UBS UNIÃO DE VILA NOVA,"R. CATLEIAS, 205 - SÃO MIGUEL PAULISTA - CEP: 08071-100 -Tel: 2037-7779/",
,Vila Jacuí,UBS VILA JACUÍ,"R. EDIPO FELICIANO, 165 - VL JACUÍ - CEP: 08060-220 - Tel:2297-8709/ 2297-8422"
,Vila Matilde,"UBS CIDADE PATRIARCA - DRHERMENEGILDO MORBIN JUNIOR","R. DR FREDERICO BROTERO, 22 - CIDADE PATRIARCA - CEP:03552-080 - Tel: 2958-1488/"
,Vila Matilde,UBS JARDIM MARINGÁ - VILA TALARICO,"R. MUANÁ, 214 - JARDIM MARINGÁ - CEP: 03525-090 - Tel: 2269-3944/ 2781-0637"
,Vila Matilde,UBS VILA ARICANDUVA,"R. ANTONIO LINDOURO DA SILVA, 284 - VILA ARICANDUVA -CEP: 03506-000 - Tel: 2294-8853/"
,Vila Matilde,"UBS VILA GUILHERMINA - DR. AMERICORASPA NETO","R. JOÃO MARCHIORI, 59 - VL GUILHERMINA - CEP: 03547-020 -Tel: 2791-5321/"
,Vila Matilde,UBS VILA MATILDE - DR. RUBENS DO VAL,"R. MARCONDES DE BRITO, 1304 - VL MATILDE - CEP: 03509-000 - Tel: 2653-4391/"
,Vila Prudente,"AMA/UBS VILA CALIFORNIA - ZEILIVALBRUSCAGIN","PRAÇA CONDE DE SÃO JANUÁRIO, 91 - VL CALIFORNIA - CEP:03215-080 - Tel: 2917-1117/ 2317-3461"
,Vila Prudente,UBS VILA ALPINA - DR. HERMINIO MOREIRA,"R. PARAMU, 398 - VL ALPINA - CEP: 03147-100 - Tel: 2912-8958/2917-0136"
,Vila Prudente,UBS VILA PRUDENTE,"PRAÇA DO CENTENÁRIO DE VILA PRUDENTE - VEIGACABRAL, 108 - VL PRUDENTE - CEP: 03132-050 - Tel: 2272-5763/2062-3975"
NORTE,Anhanguera,AMA/UBS PARQUE ANHANGUERA,"R. PIERRE RENOIR - VIA ANHANGUERA KM 24,5, 100 - JARDIMBRITANIA - CEP: 05269-000 - Tel: 3916-6160/ 3916-6375"
Anhanguera,UBS JARDIM ROSINHA,"R. DALVA DE OLIVEIRA, 82 - MORRO DOCE - CEP: 05274-001 -Tel: 3916-4100/ 3911-3141",
Anhanguera,UBS MORADA DO SOL,"R. ASSIS BRASIL X PÇA. LUIZ VAZ DE CAMÕES, 31 - SOLNASCENTE - CEP: 05281-130 - Tel: 3941-4364/",
Anhanguera,UBS MORRO DOCE,"R. DOM AGNELO ROSSI, 15 - MORRO DOCE - CEP: 05267-060 -Tel: 3911-1756/",
Brasilândia,AMA/UBS JARDIM LADEIRA ROSA,"R. JOSÉ DA COSTA GAVIÃO, 150 - PARQUE TIETÊ - CEP: 02872000 - Tel: 3982-6380/ 3851-8818",
Brasilândia,AMA/UBS JARDIM PAULISTANO,"R. ENCRUZILHADA DO SUL, 946 - JARDIM PAULISTANO - CEP:02816-010 - Tel: 3993-2931/ 3972-2916",
Brasilândia,UBS BRASILÂNDIA,"R. PARAPUÃ, 1646 - BRASILÂNDIA - CEP: 02831-001 - Tel: 3921-3830/ 3921-8713",
Brasilândia,"UBS DR. AUGUSTO LEOPOLDO AYROSAGALVÃO","R. JOAQUINA MARIA DOS SANTOS, 198 - VL RICA - CEP: 02860-110 - Tel: 3983-0900/ 3851-8235",
NORTE,Brasilândia,"UBS ELISA MARIA II - DR CAMILOCRISTOFARO MARTINS","AV. GENERAL PENHA BRASIL, 2651 - JARDIM DOS FRANCOS -CEP: 02673-000 - Tel: 3983-4298/"
Brasilândia,UBS JARDIM ELISA MARIA I,"R.ROMULO NALDI, 57 - JARDIM ELISA MARIA - CEP: 02873-250 -Tel: 3851-4684/",
Brasilândia,UBS JARDIM GUARANI,"R. SANTANA DO ARAÇUAÍ, 160 - BRASILÂNDIA - CEP: 02849-130 - Tel: 3921-6385/ 3921-5540",
Brasilândia,"UBS JARDIM ICARAÍ BRASILÂNDIA - DRDANIEL ALVES GRANGEIRO","R. ALMIR DEHAR, 201 - BRASILÂNDIA - CEP: 02846-000 - Tel:3921-0818/ 3921-8739",
Brasilândia,"UBS JARDIM VISTA ALEGRE - VANDAAPARECIDA DOS SANTOS","R. IBIRAIARAS, 21 - BRASILÂNDIA - CEP: 02878-080 - Tel: 3983-1197/ 3982-0651",
Brasilândia,UBS MARIA CECÍLIA FERRO DONNANGELO,"R. RUI DE MORAES APOCALIPSE, 2 - BRASILÂNDIA - CEP:02842-260 - Tel: 3921-7759/ 3924-1788",
Brasilândia,UBS NOVA ESPERANÇA PAULISTANO II,"R. MIRACI, 94 - JD. PAULISTANO II - CEP: 02812-220 - Tel: 3972-5526/ 3974-6206",
Brasilândia,UBS SILMARYA REJANE M.DE SOUZA,"R. EUVALDO AUGUSTO FREIRE, 20 - BRASILÂNDIA - CEP:02855-030 - Tel: 3923-1520/ 3921-1078",
Brasilândia,"UBS VILA PENTEADO - FATIMA DE JESUSVIANA ROSA","R. URUPEVA, 219 - VILA PENTEADO - CEP: 02866-080 - Tel:3851-8201/ 3985-3545",
Brasilândia,UBS VILA TEREZINHA,"R. DOMINGOS FRANCISCO DE MEDEIROS, 70 - VL TEREZINHA- CEP: 02854-010 - Tel: 3924-2591/ 3921-2380",
Cachoeirinha,UBS DRA. ILZA WELTMAN HUTZLER,"R. CORONEL WALFRIDO DE CARVALHO, 14 - VILA ROQUE -CEP: 02472-190 - Tel: 3981-3127/ 2267-3414",
Cachoeirinha,UBS JARDIM ANTARTICA,"R. SOLAR, 400 - JARDIM ANTARTICA - CEP: 02675-031 - Tel: /",
Cachoeirinha,UBS JARDIM PERI,"AV. PERI RONCHETTI, 914 - JARDIM PERI - CEP: 02633-000 -Tel: 2231-8771/ 2255-5708",
Cachoeirinha,UBS VILA DIONISIA,"R. CHEN FERRAZ FALCÃO, 50 - VILA DIONISIA - CEP: 02670-040 - Tel: 3984-9329/ 3851-7483",
Cachoeirinha,UBS VILA DIONISIA II,"R. SETE DE DEZEMBRO, 73 - VL. NOVA CACHOCHEIRINHA -CEP: 02617-060 - Tel: 2208-0029/ 2208-0034",
Casa Verde,AMA/UBS MASSAGISTA MÁRIO AMÉRICO,"R. OSCAR DE MOURA LACERDA, 231 - SITIO DO MANDAQUI -CEP: 02541-070 - Tel: 2239-2222/ 2239-2521",
Casa Verde,UBS CASA VERDE,"R. VICHY, 468 - CASA VERDE - CEP: 02522-100 - Tel: 3950-0236/3966-0247",
Casa Verde,UBS CASA VERDE ALTA,"R. LAVINIO SALES ARCURI, 120 - CASA VERDE ALTA - CEP:02564-000 - Tel: 3858-8592/ 3966-9572",
Casa Verde,"UBS DR. WALTER ELIAS - CASA VERDEBAIXA","R. MOURÃO VIEIRA, 11 - CASA VERDE - CEP: 02518-020 - Tel:3858-8626/ 3858-8593",
Casa Verde,UBS PARQUE PERUCHE,"R. JOSÉ RANGEL DE CAMARGO, 500 - PARQUE PERUCHE -CEP: 02538-010 - Tel: 3858-8303/ 3951-6756",
"Freguesia doÓ",UBS CRUZ DAS ALMAS,"R. PADRE FELICIANO DOMINGOS, 90 - FREGUESIA DO Ó -CEP: 02965-140 - Tel: 3975-3531/ 3992-2975",
"Freguesia doÓ",UBS JARDIM GUANABARA,"AV. MINISTRO PETRÔNIO PORTELA, 663 - FREGUESIA DO Ó -CEP: 02959-000 - Tel: 3975-2134/ 3992-8432",
"Freguesia doÓ",UBS VILA PALMEIRAS,"AV. MINISTRO PETRONIO PORTELA, 663 - MOINHO VELHO -CEP: 02959-000 - Tel: 3931-8242/ 3931-7923",
"Freguesia doÓ","UBS VILA PROGRESSO - JD MONTEALEGRE","R. ANTONIO GENELLE, 30 - JD MONTE ALEGRE - CEP: 02811-020 - Tel: 3975-2893/ 3992-2349",
"Freguesia doÓ",UBS VILA RAMOS - FREGUESIA DO Ó,"R. FERRAZ DE VASCONCELOS, 80 - NOSSA SENHORA DO O -CEP: 02760-060 - Tel: 3921-4111/ 3924-0208",
NORTE,Jaçanã,UBS DR. JOSÉ TOLEDO PIZA,"AV. ANTONIO CÉSAR NETO, 387 - JAÇANÃ - CEP: 02276-000 -Tel: 2241-7317/ 2243-7038"
Jaçanã,"UBS JAÇANÃ - DR. SEBASTIÃO GABRIELSAYAGO DE LAET","R. SÃO GERALDINO, 222 - VILA CONSTÂNÇA - CEP: 02258-220 -Tel: 2240-0065/ 2242-8876",
Jaçanã,UBS JOVA RURAL,"R. ALFEU DE ALCANTARA MONTEIRO, 280 - CONJUNTOHABITACIONAL JOVA RURAL - CEP: 02281-200 - Tel: 4979-3122/",
Jaçanã,UBS PARQUE EDU CHAVES,"AV. EDU CHAVES, 1197 - PQ EDU CHAVES - CEP: 02229-001 -Tel: 2243-6694/ 2243-0052",
Jaçanã,"UBS VILA NOVA GALVÃO - SÔNIA REGINACAMPANELLI","R. ALFEU LUIS GASPARINI, 116 - VL NOVA GALVÃO - CEP:02281-110 - Tel: 2241-7366/ 2242-0108",
Jaraguá,AMA/UBS ELISIO TEIXEIRA LEITE,"R. JOÃO AMADO COUTINHO, 400 - JARAGUÁ - CEP: 02815-000 -Tel: 3972-0333/ 3971-2572",
Jaraguá,AMA/UBS JARDIM IPANEMA,"R. PEDRO RAVARA, 11 - JARDIM IPANEMA - CEP: 05187-300 -Tel: 3941-2119/",
Jaraguá,UBS ALDEIA JARAGUA - KWARÃY DJEKUPÉ,"ESTRADA TURÍSTICA DO JARAGUÁ, 3750 - JARAGUÁ - CEP:05161-000 - Tel: 3903-4988/",
Jaraguá,UBS ALPES DO JARAGUÁ,"ALAMEDA DAS LIMEIRAS, 46 - ALPES DO JARAGUA - CEP:05187-634 - Tel: 3941-1169/ 3945-5958",
Jaraguá,UBS CITY JARAGUA,"ESTRADA DE TAIPAS (ESQ. RUA PAULO ARENTINO), 1648 -JARAGUÁ - CEP: 02991-000 - Tel: 3947-2690/",
Jaraguá,UBS INTERATIVA,"R. INTERATIVA, 105 - VILA BRASILÂNDIA - CEP: 02820-020 - Tel:3973-7510/",
Jaraguá,UBS JARDIM PANAMERICANO,"R. BARRA DA FORQUILHA, 38 - JD PANAMERICANO - CEP:02993-060 - Tel: 3941-1362/ 3928-1270",
Jaraguá,UBS JARDIM RINCÃO,"R. ARROIO DA PALMA, 67 - JARDIM RINCÃO - CEP: 02991-050 -Tel: 3941-5172/",
Jaraguá,"UBS SEM TERRA - PARQUE NAÇÕESUNIDAS","R. ARACY RONDON AMARANTE, 22 - JARDIM SANTALUCRECIA - CEP: 02996-180 - Tel: 3902-3551/",
Jaraguá,UBS UNIÃO DAS VILAS DE TAIPAS,"AV. ELISIO TEIXEIRA LEITE, 7703 - PARADA DE TAIPAS - CEP:02810-000 - Tel: 3972-1355/ 3971-2432",
Limão,AMA/UBS VILA BARBOSA,"AV. MANDAQUI, 197 - LIMÃO - CEP: 02550-000 - Tel: 3966-1302/3951-6457",
Limão,UBS DONA ADELAIDE LOPES,"AV. CLAVÁSIO ALVES DA SILVA, 683 - LIMÃO - CEP: 02728-030 -Tel: 3936-8370/ 3935-3880",
Limão,UBS VILA ESPANHOLA,"AV. JOÃO DOS SANTOS ABREU, 650 - VILA ESPANHOLA - CEP:02566-020 - Tel: 2263-1569/ 2233-1617",
Limão,UBS VILA SANTA MARIA,"R. PROFESSOR DARIO RIBEIRO, 670 - LIMÃO - CEP: 02559-000Tel: 3965-6035/ 3965-1686",
Mandaqui,AMA/UBS LAUZANE PAULISTA,"R. VALORBE, 80 - LAUZANE PAULISTA - CEP: 02442-140 - Tel:2231-8619/ 2258-5818",
Mandaqui,UBS HORTO FLORESTAL,"R. LUIS CARLOS GENTILE DE LAET X R. DO HORTO, 603 -HORTO FLORESTAL - CEP: 02378-000 - Tel: 2994-5688/ 2204-8421",
Mandaqui,"UBS VILA AURORA - DR DOMINGOSMAZZONETO DE CILO","R. ENGENHEIRO JEAN BUFF, 126 - CHÁCARA DO ENCOSTO -CEP: 02417-180 - Tel: 2235-1053/",
Perus,AMA/UBS PERUS,"PRAÇA VIGARIO JOÃO GONÇALVES DE LIMA, 239 - PERUS -CEP: 05208-260 - Tel: 3917-0707/ 3917-6245",
Perus,UBS RECANTO DOS HUMILDES,"R. PAVÃO, 36 A - RECANTO DOS HUMILDES - CEP: 05210-000 -Tel: 3915-6452/ 3917-5870",
Perus,UBS VILA CAIÚBA,"R. PRESIDENTE VARGAS, 540 - PERUS - CEP: 05207-000 - Tel:3835-2063/",
NORTE,Pirituba,AMA/UBS VILA PEREIRA BARRETO,"R. DOM MANOEL D ELBOUX, 76 - JARDIM SÃO JOSE - CEP:02932-110 - Tel: 3977-8098/ 3975-9019"
Pirituba,UBS CHÁCARA INGLESA,"R. VALDIR PADOVAN, 95 - CHACARA INGLESA - CEP: 05142-120 - Tel: 3834-5985/ 3832-7587",
Pirituba,UBS DOMINGOS MANTELLI,"R. POVOADO DO RIO NOVO, 1778 - PIRITUBA - CEP: 02956-020Tel: 3974-3829/ 3974-8389",
Pirituba,UBS JARDIM CIDADE PIRITUBA,"R. COMENDADOR FEIZ ZARZUR, 640 - JARDIM CIDADEPIRITUBA - CEP: 02942-000 - Tel: 3974-8210/ 3971-0525",
Pirituba,UBS MOINHO VELHO,"PRAÇA DOMINGOS COELHO, 5 - PIRITUBA - CEP: 02933-180 -Tel: 3976-7601/ 3992-2370",
Pirituba,UBS VILA MAGGI,"R. CONDE MONTERONE, 40 - PIRITUBA - CEP: 02982-190 - Tel:3972-1435/ 3972-9389",
Pirituba,UBS VILA PIRITUBA,"R. RIBEIRÃO VERMELHO, 501 - VILA PIRITUBA - CEP: 05170-000 - Tel: 3904-2509/ 3901-3848",
Pirituba,UBS VILA ZATT,"R. MONSENHOR MANUEL GOMES, 77 - VILA ZATT - CEP: 02975120 - Tel: 3975-2116/",
Santana,UBS CHORA MENINO,"R. COPACABANA, 185 - SANTA TEREZINHA - CEP: 02461-000 -Tel: 2281-8786/",
Santana,UBS JOAQUIM ANTONIO EIRADO,"AV. BRAZ LEME, 2945 - SANTANA - CEP: 02022-011 - Tel: 2975-4218/ 2978-7992",
São Domingos,AMA/UBS ANHANGUERA,"R. MARCELA ALVES DE CASSIA, 175 - JARDIM JARAGUÁ -CEP: 05158-400 - Tel: 3904-8999/ 3906-8408",
São Domingos,UBS PARQUE MARIA DOMITILA,"AV. DO ANASTÁCIO (ESQ. RUA WILLIS ROBERTO BANKS),2421 - PQ MARIA DOMITILA - CEP: 05119-000 - Tel: 3903-4825/3902-2303",
São Domingos,UBS SANTO ELIAS,"R. FABIO DE ALMEIDA MAGALHÃES, 494 - JD SANTO ELIAS -CEP: 05135-370 - Tel: 3904-0016/ 3973-8620",
São Domingos,UBS VILA MANGALOT,"R. PORTÃO PRETO, 220 - SÃO DOMINGOS - CEP: 05131-120 -Tel: 3904-1292/ 3906-9891",
Tremembé,AMA/UBS JARDIM JOAMAR,"R. ADAUTO BEZERRA DELGADO, 230 - JD JOAMAR - CEP:02320-110 - Tel: 2991-5308/",
Tremembé,UBS DONA MARIQUINHA SCIASCIA,"R. DR JOSÉ VICENTE, 39 - TREMEMBÉ - CEP: 02370-080 - Tel:2203-2489/ 2203-0063",
Tremembé,UBS JARDIM APUANÃ - JOÃO KOCH,"R. HUM (REF.:R.FILHOS DA TERRA), 19 - JARDIM APUANA -CEP: 02325-530 - Tel: 2240-5277/ 2243-4469",
Tremembé,UBS JARDIM DAS PEDRAS,"R. CLÓVIS SALGADO, 220 - JD DAS PEDRAS - CEP: 02267-020 -Tel: 2992-2494/ 2992-2313",
Tremembé,UBS JARDIM FLOR DE MAIO,"AV. NOVA PAULISTA, 561 - JARDIM FLOR DE MAIO - CEP:02363-000 - Tel: 3598-4199/ 3598-4150",
Tremembé,UBS JARDIM FONTALIS,"R. MOTA, 5 - JARDIM MARTINS SILVA - CEP: 02323-035 - Tel:2206-9000/ 2206-8671",
Tremembé,"UBS VILA ALBERTINA - DR OSVALDOMARÇAL","R. ANTONIO JOAQUIM DE OLIVEIRA, 224 - VL ESMERALDA -CEP: 02356-020 - Tel: 2821-5150/ 2204-5773",
Tucuruvi,AMA/UBS WAMBERTO DIAS DA COSTA,"R. PAULO CESAR, 60 - JARDIM TREMEMBE - CEP: 02311-240 -Tel: 2203-9305/ 2952-0679",
Tucuruvi,UBS CONJUNTO DO IPESP,"AV. PROFa. VIRGILIA RODRIGUES A. C. PINTO, 555 - LEONORMENDES DE BARROS - CEP: 02346-000 - Tel: 2203-0111/",
Tucuruvi,UBS VILA NIVI,"PRAÇA CAMPINÓPOLIS, 125 - VL NIVI - CEP: 02252-160 - Tel:2201-7219/ 2951-7670",
NORTE,Vila Guilherme,UBS CARANDIRU,"R. JOSE PEREIRA JORGE, 305 - CARANDIRU - CEP: 02067-020 -Tel: 3475-8800/ 3475-8815"
Vila Guilherme,UBS VILA IZOLINA MAZZEI,"R. ORLANDO RIBEIRO DANTAS, 154 - VILA IZOLINA MAZZEI -CEP: 02083-010 - Tel: 3478-6101/",
,Vila Guilherme,UBS VILA LEONOR,"AV. ANGELINA, 770 - VL LEONOR - CEP: 02077-000 - Tel: 2207-4797/"
,Vila Maria,UBS JARDIM JAPÃO,"R. SOBRAL JUNIOR, 452 - VILA MARIA ALTA - CEP: 02130-020 -Tel: 3478-7351/ 3478-7363"
Vila Maria,UBS PARQUE NOVO MUNDO I,"R. BENEDITA DORNELAS CLARO, 451 - PQ NOVO MUNDO -CEP: 02168-020 - Tel: 2954-1747/ 2635-5603",
,Vila Maria,UBS PARQUE NOVO MUNDO II,"R. SOLDADO ANTONIO MATIAS DE CAMARGO, 87 - PQ NOVOMUNDO - CEP: 02188-050 - Tel: 2954-4580/ 3883-7808"
,Vila Maria,UBS VILA GUILHERME,"R. HORACIO DE CASTILHO, 270 - VILA GUILHERME - CEP:02125-030 - Tel: 2904-8270/ 2906-2685"
,Vila Maria,"UBS VILA MARIA - DR. LUIZ PAULOGNECCO","R. ANDRÉ DA FONSECA, 70 - VILA MUNHOZ - CEP: 02135-010 -Tel: 3475-5203/ 3475-5216"
,Vila Medeiros,AMA/UBS JARDIM BRASIL,"R. FRANCISCO PEIXOTO BEZERRA, 400 - JARDIM BRASIL -CEP: 02222-010 - Tel: 3475-8851/ 2201-4101"
,Vila Medeiros,AMA/UBS VILA MEDEIROS,"R. EURICO SODRE, 353 - VILA MEDEIROS - CEP: 02215-010 -Tel: 3478-6365/ 3478-6368"
,Vila Medeiros,UBS JARDIM JULIETA,"R. BALTHAZAR FIDELIS, 258 - JARDIM GUANCÃ - CEP: 02151-080 - Tel: 2201-3907/"
,Vila Medeiros,UBS VILA EDE,"R. PADRE MARCOS SIMONI, 390 - VL EDE - CEP: 02203-010 -Tel: 3478-5901/ 3478-5910"
,Vila Medeiros,"UBS VILA SABRINA - DR. CARLOSAUGUSTO AUTRAN PEDERNEIRAS LIMA","R. FRANCISCO FRANCO MACHADO, 150 - VL. SABRINA - CEP:02139-020 - Tel: 3478-7250/ 3478-7252"
OESTE,"Alto dePinheiros","UBS ALTO DE PINHEIROS - DR SUELABUJAMRA","AV. QUEIROZ FILHO, 313 - ALTO DE PINHEIROS - CEP: 05319-000 - Tel: 3023-4588/ 3022-7074"
Butantã,UBS BUTANTÃ,"R. CABRAL DE MENEZES, 51 - VL GOMES - CEP: 05590-050 -Tel: 3726-1838/ 3726-8591",
Butantã,UBS CAXINGUI - NANCI ABRANCHES,"R. LADISLAU ROMAN, 410 - CAXINGUI - CEP: 05515-030 - Tel:3721-6406/ 3721-0175",
Itaim Bibi,UBS DR. JOSÉ DE BARROS MAGALDI,"R. SALVADOR CARDOSO, 177 - ITAIM BIBI - CEP: 04533-050 -Tel: 3168-6571/ 3167-0837",
Itaim Bibi,"UBS JARDIM EDITE - GERONCIO HENRIQUENETO","R. CHARLES COULOMB, 80 - CIDADE MONÇÕES - CEP: 04576-030 - Tel: 4329-8860/ 4329-8861",
Itaim Bibi,"UBS MENINÓPOLIS - DR. MARIOFRANCISCO NAPOLITANO","R. OSCAR GOMES CARDIM, 142 - VILA CORDEIRO - CEP: 04580040 - Tel: 5096-1058/ 5535-8839",
Jaguara,AMA/UBS VILA PIAUÍ,"PRAÇA CAMILO CASTELO BRANCO, 10 - VL PIAUÍ - CEP: 05109-270 - Tel: 3621-4508/ 3621-6964",
Jaguara,UBS VILA JAGUARA,"R. PAÚVA, 721 - VL JAGUARA - CEP: 05116-001 - Tel: 3625-1775/3621-4440",
Jaguaré,AMA/UBS VILA NOVA JAGUARÉ,"R. SALATIEL DE CAMPOS, 222 - JAGUARÉ - CEP: 05333-010 -Tel: 3768-1527/ 3714-2461",
Lapa,UBS VILA ANASTÁCIO,"R. CONSELHEIRO OLEGARIO, 239 - VILA ANASTACIO - CEP:05093-040 - Tel: 2774-1243/ 2774-1547",
Lapa,"UBS VILA IPOJUCA - WANDA COELHO DEMORAES","R. CATÃO, 1266 - LAPA - CEP: 05049-000 - Tel: 3676-1399/ 3676-1394",
Lapa,UBS VILA ROMANA,"R. VESPASIANO, 679 - VL ROMANA - CEP: 05044-050 - Tel: 3672-0911/ 3862-4102",
OESTE,Morumbi,"UBS REAL PARQUE - PAULO MANGABEIRAALBERNAZ FILHO","R. BARÃO DE MELGAÇO, 339 - REAL PARQUE - CEP: 05684-030- Tel: 3758-2329/ 3758-2133"
Perdizes,UBS JARDIM VERA CRUZ - PERDIZES,"R. SARAMENHA, 60 - PERDIZES - CEP: 01259-030 - Tel: 3673-8552/ 3801-4278",
Perdizes,UBS VILA ANGLO - JOSÉ SERRA RIBEIRO,"AV. SUMARÉ, 100 - PERDIZES - CEP: 05016-090 - Tel: 3801-1547/ 3672-8401",
,Pinheiros,UBS DR. MANOEL JOAQUIM PÊRA,"R. PURPURINA, 280 - VL MADALENA - CEP: 05435-030 - Tel:3032-9891/ 3813-1030"
,"RaposoTavares","AMA/UBS JARDIM SÃO JORGE - DR. PAULOEDUARDO ELIAS","R. ANGELO APARECIDO DOS SANTOS DIAS, 331 - JD SÃOJORGE - CEP: 05568-090 - Tel: 3781-3817/ 3781-3816"
"RaposoTavares",AMA/UBS PAULO VI,"AV. VATICANO, 69 - JD JOAO XXIII - CEP: 05569-120 - Tel: 3782-0838/ 3782-8595",
"RaposoTavares",UBS JARDIM BOA VISTA,"R. CANDIDO FONTOURA, 620 - JD BOA VISTA - CEP: 05583-070Tel: 3782-8380/ 3782-8371",
,"RaposoTavares",UBS VILA BORGES,"R. JACINTO DE MORAES, 22 - JD CLAUDIA - CEP: 05546-040 -Tel: 3782-4739/ 3782-4908"
,Rio Pequeno,UBS JARDIM D ABRIL,"R. PAULO MARANHÃO, 444 - JD D ABRIL - CEP: 05398-130 - Tel:3782-4742/ 3782-1687"
,Rio Pequeno,UBS JOSÉ MARCÍLIO MALTA CARDOSO,"R. BERNARDO GUERTZENSTEIN, 45 - RIO PEQUENO - CEP:05381-020 - Tel: 3768-1569/ 3718-0425"
,Rio Pequeno,"UBS RIO PEQUENO - PAULO DE BARROSFRANÇA","R. PADRE FRANCISCO LIBERMANN, 318 - RIO PEQUENO -CEP: 05353-160 - Tel: 3768-9460/ 3714-8764"
,Rio Pequeno,UBS SÃO REMO,"R. BALTAZAR RABELO, 167 - RIO PEQUENO - CEP: 05360-170 -Tel: 3768-2217/ 3768-2202"
,Rio Pequeno,"UBS VILA DALVA - ENG. GUILHERMEHENRIQUE PINTO COELHO","R. GUSTAVO BERTHIER, 155 - VL DALVA - CEP: 05386-110 - Tel:3712-0704/ 3712-1387"
,"VilaLeopoldina",UBS PARQUE DA LAPA,"R. BERGSON, 52 - PQ DA LAPA - CEP: 05301-060 - Tel: 3836-8029/ 3644-8989"
,Vila Sônia,AMA/UBS VILA SONIA,"R. ABRAÃO CALIL REZEK, 91 - VL SONIA - CEP: 05625-050 - Tel:3742-9844/ 3744-2982"
,Vila Sônia,UBS JARDIM COLOMBO,"R. FREI BONIFACIO DUX, 40 - JARDIM COLOMBO - CEP: 05629-000 - Tel: 4673-9852/ 4673-9856"
,Vila Sônia,UBS JARDIM JAQUELINE,"R. BONIFÁCIO VERONESE, 10 - JARDIM JAQUELINE - CEP:05529-060 - Tel: 3751-1665/ 3751-4285"
SUL,Campo Belo,"UBS JARDIM AEROPORTO - DR. MASSAKIUDIHARA","R. VIAZA, 45 - JARDIM AEROPORTO - CEP: 04633-050 - Tel:5542-9672/ 5532-1152"
"CampoGrande",UBS CAMPO GRANDE,"R. MONLEVADE, 195 - VILA ROMANO - CEP: 04679-345 - Tel:5631-3181/ 5634-1643",
"CampoGrande","UBS VILA ARRIETE - DECIO PACHECOPEDROSO","R. JULIETA DE ARAUJO ALMEIDA, 44 - JD ARAUJO ALMEIDAARRIETE - CEP: 04445-010 - Tel: 5611-4046/",
Campo Limpo,"AMA/UBS VILA PREL - ANTONIOBERNARDES DE OLIVEIRA","R. TEREZA MAIA PINTO, 11 - VILA PREL - CEP: 05780-390 - Tel:5816-5563/ 5817-8002",
Campo Limpo,UBS ALTO DO UMUARAMA,"R. ODEMIS, 468 - JD UMUARAMA - CEP: 05783-180 - Tel: 5512-6614/ 5819-5730",
Campo Limpo,"UBS ARRASTÃO - DR. FRANCISCOSCALAMANDRE SOBRINHO","R. DR JOVIANO PACHECO AGUIRRE, 255 - CAMPO LIMPO -CEP: 05788-290 - Tel: 5841-2654/ 5844-4839",
Campo Limpo,UBS CAMPO LIMPO,"R. JORGE OZZI, 211 - JARDIM CATANDUVA - CEP: 05767-450 -Tel: 5841-1871/ 5841-5260",
SUL,Campo Limpo,UBS JARDIM HELGA,"R. THOMAS DE ARAUJO, 53 - JARDIM HELGA - CEP: 05794-380 -Tel: 5842-2956/ 5842-2399"
Campo Limpo,UBS JARDIM MITSUTANI,"R. FREI XISTO TEUBER, 50 - JARDIM MITSUTANI - CEP: 05791-080 - Tel: 5842-9292/",
Campo Limpo,UBS JARDIM OLINDA,"R. CANORI, 190 - JARDIM OLINDA - CEP: 05765-170 - Tel: 5843-8861/ 5842-9626",
Campo Limpo,UBS PARQUE ARARIBA,"R. FRANCISCO SOARES, 81 - JARDIM INGÁ - CEP: 05774-300 -Tel: 5511-5573/ 5816-5542",
Campo Limpo,"UBS PARQUE REGINA - PERINA ALVESTEIXEIRA","R. MELO COUTINHO, 260 - PARQUE REGINA - CEP: 05775-230 -Tel: 5816-5562/ 5511-8585",
"CapãoRedondo",AMA/UBS PARQUE FERNANDA,"R. ERNESTO SOARES FILHO, 301 - PQ FERNANDA - CEP:05888-070 - Tel: 5822-6100",
"CapãoRedondo",UBS JARDIM COMERCIAL,"R. COSTA NOVA DO PRADO, 92 - JD LILAH - CEP: 05885-190 -Tel: 5870-6246",
"CapãoRedondo",UBS JARDIM ELEDY,"R. SEBASTIAO ADVINCULA CUNHA, 470 - JD ELEDY - CEP:05856-140 - Tel: 5821-4302",
"CapãoRedondo",UBS JARDIM GERMANIA,"R. JOÃO FUGULIM, 338 - JD GERMANIA - CEP: 05849-340 - Tel:5511-1761/ 5816-2622",
"CapãoRedondo",UBS JARDIM LIDIA,"R. GUTEMBERG JOSÉ FERREIRA, 50 - JD LIDIA - CEP: 05860-070 - Tel: 5511-0197",
"CapãoRedondo",UBS JARDIM MACEDÔNIA,"R. SORIANO DE ALBUQUERQUE, 77 - JARDIM MACEDONIA -CEP: 05894-440 - Tel: 5824-7707/ 5823-6158",
"CapãoRedondo",UBS JARDIM MAGDALENA,"R. VITORIANO PALHARES, 221 - JD MAGDALENA - CEP: 05890-320 - Tel: 5824-6020/ 5824-5347",
"CapãoRedondo",UBS JARDIM MARACÁ,"R. FERES BECHARA, 506 - JARDIM MARACA - CEP: 05867-390 -Tel: 5898-5353/ 5874-4721",
"CapãoRedondo",UBS JARDIM SÃO BENTO,"R. JOÃO ROBALO, 64 - JD SÃO BENTO - CEP: 05881-000 - Tel:5871-6022",
"CapãoRedondo",UBS JARDIM VALQUIRIA,"AV. CARLOS LACERDA, 3093 - JD VALQUIRIA - CEP: 05789-001 -Tel: 5825-6166/",
"CapãoRedondo",UBS LUAR DO SERTÃO,"R. LUAR DO SERTÃO, 980 - CHÁCARA STA. MARIA - CEP:05879-450 - Tel: 5874-1826",
"CapãoRedondo",UBS PARQUE ENGENHO II,"AV. DOM RODRIGO SANCHES, 700 - PQ ENGENHO - CEP:05892-360 - Tel: 5821-4180",
"CidadeAdemar","AMA/UBS JARDIM MIRIAM - MANOELSOARES DE OLIVEIRA","AV. SANTO AFONSO, 419 - AMERICANOPOLIS - CEP: 04426-000- Tel: 5626-7158/ 5621-7569",
"CidadeAdemar",AMA/UBS VILA IMPÉRIO,"R. CATARINA GABRIELLI, 236 - AMERICANÓPOLIS - CEP: 04408090 - Tel: 5624-6554/",
"CidadeAdemar",AMA/UBS VILA MISSIONÁRIA,"R. RAINHA DAS MISSOES, 515 - VILA MISSIONARIA - CEP:04430-010 - Tel: 5611-3439/ 5612-2270",
"CidadeAdemar",UBS CIDADE JULIA,"R. PASCOAL GRIECO, 366 - CIDADE JULIA - CEP: 04421-150 -Tel: 5623-6669/ 5623-9993",
"CidadeAdemar",UBS JARDIM MIRIAM II,"AV. CUPECÊ, 5185 - JARDIM PRUDÊNCIA - CEP: 04365-001 -Tel: 5622-6959/ 5622-6988",
"CidadeAdemar",UBS JARDIM NITERÓI,"R. SAMUEL ARNOLD, 596 - JD NITEROI - CEP: 04434-000 - Tel:5611-0122/ 5611-6688",
"CidadeAdemar","UBS JARDIM SÃO CARLOS - CIDADEADEMAR","R. CLAUDIA MUZIO, 163 - JD SÃO CARLOS - CEP: 04429-280 -Tel: 5621-9200/ 5623-9273",
SUL,"CidadeAdemar",UBS JARDIM UMUARAMA,"R. ANTONIO GIL, 721 - VL FILOMENA - CEP: 04655-000 - Tel:5563-9070/ 5566-1611"
"CidadeAdemar",UBS SÃO JORGE - CIDADE ADEMAR,"AV. EDUARDO PEREIRA RAMOS, 810 - JARDIM SAO JORGE -CEP: 04432-000 - Tel: 5611-3527/ 5611-6933",
"CidadeAdemar","UBS VILA CONSTÂNCIA - VICENTEOCTAVIO GUIDA","R. HERMENEGILDO MARTINI, S/No - VILA DO CASTELO - CEP:04438-280 - Tel: 5678-7444/ 5562-6944",
"CidadeAdemar","UBS VILA IMPERIO - DRA GILDA TERATAHIRA","R. DR NESTOR SAMPAIO PENTEADO, 181 - AMERICANÓPOLISCEP: 04409-060 - Tel: 5624-6786/ 5624-6797",
"CidadeAdemar",UBS VILA JOANIZA - JOÃO YUNES,"R. LUIS VIVES, 85 - VL JOANIZA - CEP: 04404-150 - Tel: 5622-0844/ 5626-2428",
Cidade Dutra,"UBS AUTÓDROMO - DR FAUZER SIMÃOABRÃO","R. OSWALDO DINIZ, 51 - JARDIM SATELITE - CEP: 04815-330 -Tel: 5925-4362/ 5666-1430",
Cidade Dutra,UBS DR. SÉRGIO CHADDAD,"AV. CARLOS OBERHUBER, 659 - VL SÃO JOSE - CEP: 04836-130 - Tel: 5928-9529/ 5924-3636",
Cidade Dutra,UBS JARDIM CLIPER,"R. DR CARLOS PEZZOLO, S/N - PARQUE ESMERALDA - CEP:04828-070 - Tel: 5925-4259/",
Cidade Dutra,UBS JARDIM ICARAI QUINTANA,"R. SÃO ROQUE DO PARAGUAÇU, 190 - VL QUINTANA - CEP:04837-150 - Tel: 5925-2222/",
Cidade Dutra,UBS JARDIM ORION/GUANHEMBU,"R. FERNANDO AMARO MIRANDA, 51 - JARDIM COLONIAL -CEP: 04821-100 - Tel: 2362-2343/ 2362-2360",
Cidade Dutra,UBS JARDIM REPÚBLICA,"AV. GONÇALO DE PAIVA GOMES, 285 - JD REPUBLICA - CEP:04812-090 - Tel: 5661-4470/ 5661-5654",
Cidade Dutra,UBS JORDANÓPOLIS,"R. JANGADA NOVA, 75 - JARDIM PRESIDENTE - CEP: 04830-200 - Tel: 5973-6400/",
Cursino,UBS ÁGUA FUNDA,"R. ROSA DE MORAES, 91 - VL ÁGUA FUNDA - CEP: 04155-000 -Tel: 5073-6253/ 5058-5007",
Cursino,"UBS JARDIM DA SAÚDE - NEUSA ROSALIAMORALES","R. DOMINGOS DE ROGATIS, 187 - JD DA SAUDE - CEP: 04290-080 - Tel: 5062-9586/ 5062-9317",
Cursino,"UBS VILA GUMERCINDO - PROF JANDIRAMASSUR","AV. DR RICARDO JAFET, 3025 - VILA FIRMIANO PINTO - CEP:04123-030 - Tel: 5062-7232/ 5061-5315",
Cursino,"UBS VILA MORAES - JOÃO PAULOBOTELHO VIEIRA","R. GIOVANNI DI BALDUCCIO, 250 - VL MORAES - CEP: 04170-000 - Tel: 5058-0891/ 5058-0891",
Grajaú,"AMA/UBS JARDIM CASTRO ALVES - DRAMARIA CRISTINA F","AV. JOÃO PAULO BARRETO, 131 - JD CASTRO ALVES - CEP:04842-150 - Tel: 5971-2157/ 5928-1714",
Grajaú,AMA/UBS JARDIM MIRNA,"R. DR JUVENAL HUDSON FERREIRA, 13 - JD MIRNA - CEP:04856-140 - Tel: 5527-8798/ 5526-5175",
Grajaú,UBS ALCINA PIMENTEL PIZA,"ESTRADA DE ITAQUAQUECETUBA, 8855 - ILHA DO BORORÉ -CEP: 04846-010 - Tel: 5974-2289/ 5974-9764",
Grajaú,UBS ANCHIETA,"R. ALZIRO PINHEIRO MAGALHAES, 638 - PQ SÃO RAFAEL -CEP: 04855-000 - Tel: 5928-1837/",
Grajaú,UBS CANTINHO DO CÉU,"R. DOS ACORDES, 200 - CANTINHO DO CEU - CEP: 04849-558 -Tel: 5972-4001/",
Grajaú,UBS CHÁCARA DO CONDE,"R. CONSTELAÇÃO DO ESQUADRO, 5 - JD CAMPINAS - CEP:04858-010 - Tel: 5526-7823/",
Grajaú,UBS CHACARA DO SOL,"R. JOÃO CARLOS DE OLIVEIRA, 3 - CHACARA DO SOL - CEP:04855-515 - Tel: 5931-4151/",
Grajaú,UBS CHACARA SANTO AMARO,"R. LUIZ CARLOS DE ALMEIDA, 51 - CHACARA SANTO AMARO -CEP: 04875-120 - Tel: 5974-2486/ 5974-9922",
SUL,Grajaú,UBS GAIVOTAS,"AV. SÃO PAULO, 23-A - JARDIM GAIVOTAS - CEP: 04849-308 -Tel: 5932-6799/ 5932-6407"
Grajaú,UBS JARDIM ELIANE,"R. HENRY ARTHUR JONES, 201 - JD ELIANA - CEP: 04851-002 -Tel: 5931-5240/ 5528-1887",
Grajaú,"UBS JARDIM LUCELIA - SANDRAAPARECIDA BARBOSA CORREIA LIMA","AV. CARLOS BARBOSA DOS SANTOS, 895 - JD LUCELIA - CEP:04852-220 - Tel: 5528-5660/",
Grajaú,UBS JARDIM NOVO HORIZONTE,"R. CARUANENSE, 186 - JARDIM NOVO HORIZONTE - CEP:04857-300 - Tel: 5938-2208/",
Grajaú,UBS JARDIM TRÊS CORAÇÕES,"R. GENERAL JOSÉ DE OLIVEIRA RAMOS, 275 - JARDIM TRÊSCORAÇÕES - CEP: 04855-330 - Tel: 5931-5969/ 5528-6223",
Grajaú,"UBS PARQUE RESIDENCIAL COCAIAINDEPENDENTE","R. FELINTO MILANEZ, 26 - PQ RESIDENCIAL COCAIA - CEP:04849-040 - Tel: 5931-0209/ 5931-4766",
Grajaú,UBS SHANGRILA/ELLUS,"R. SEM NOME, 16 - JD SHANGRILA - CEP: 04852-032 - Tel: 5932-2180/",
Grajaú,UBS VARGINHA,"R. HENRIQUE MUZZIO, 383 - VARGINHA - CEP: 04857-040 - Tel:5527-2709/ 5526-3988",
Grajaú,UBS VILA NATAL,"AV. PROFa. MARTA MARIA BERNARDES, 246 - VILA NATAL -CEP: 04863-000 - Tel: 5527-4071/",
Ipiranga,AMA/UBS SÃO VICENTE DE PAULA,"R. VICENTE DA COSTA, 289 - IPIRANGA - CEP: 04266-050 - Tel:2273-4592/ 2063-2362",
Ipiranga,UBS ALMIRANTE DELLAMARE,"R. ALM. MARIATH, 62 - VL HELIÓPOLIS - CEP: 04218-040 - Tel:2062-8018/",
Ipiranga,UBS HELIOPOLIS,"AV. ALMIRANTE DELAMARE, 3033 - CIDADE NOVA HELIOPOLIS- CEP: 04230-040 - Tel: 2063-0855/",
Ipiranga,"UBS JOAQUIM ROSSINI/ VILA CARIOCA DRMOACIR PARRA","R. ALVARO FRAGOSO, 480 - VILA CARIOCA - CEP: 04223-000 -Tel: 2273-4602/ 2273-9707",
Ipiranga,"UBS VILA MONUMENTO - OSWALDOMARASCA JUNIOR","AV. DOM PEDRO I, 594 - IPIRANGA - CEP: 01552-000 - Tel: 2272-8619/ 2273-5403",
Jabaquara,AMA/UBS AMERICANOPOLIS,"R. CIDADE DE SANTOS, 46 - AMERICANÓPOLIS - CEP: 04336-050 - Tel: 5562-1476/ 5563-9463",
Jabaquara,"AMA/UBS DR. GERALDO DA SILVAFERREIRA","AV. ENG ARMANDO DE ARRUDA PEREIRA, 2944 - VL DOENCONTRO - CEP: 04308-001 - Tel: 5588-2366/ 5021-7744",
Jabaquara,AMA/UBS VILA CLARA,"R. ROLANDO CURTI, 701 - VL CLARA - CEP: 04414-000 - Tel:5623-6883/ 5626-9979",
Jabaquara,"UBS CUPECÊ - DR. WALDOMIROPREGNOLATTO","AV. SANTA CATARINA, 1523 - VL SANTA CATARINA - CEP:04378-300 - Tel: 5564-3079/ 5671-5091",
Jabaquara,"UBS GUARANI VARGAS - ARNALDO FARIADE SÁ","AV. DIEDERICHSEN, 1338 - VILA GUARANI - CEP: 04310-001 -Tel: 5588-4890",
Jabaquara,UBS JARDIM LOURDES,"AV. ENG ARMANDO DE ARRUDA PEREIRA, 4004 - JABAQUARA- CEP: 04325-000 - Tel: 5575-6872/",
Jabaquara,UBS VILA CAMPESTRE,"R. ARTUR NUNES DA SILVA, 206 - VILA CAMPESTRE - CEP:04332-080 - Tel: 5011-4278/ 5565-6427",
Jabaquara,UBS VILA CANAÃ,"R. CONTOS GAUCHESCOS, 630 - VILA CANAÃ - CEP: 04369-000- Tel: 5565-0485/",
Jabaquara,UBS VILA SANTA CATARINA,"R. BELMIRO ZANETTI ESTEVES, 181 - VL SANTA CATARINA -CEP: 04377-060 - Tel: 5563-9814/",
SUL,Jardim Ângela,AMA/UBS JARDIM CAPELA,"R. BARAO DE PAIVA MANSO, 200 - JD CAPELA - CEP: 04960-110 - Tel: 5896-1143"
Jardim Ângela,UBS ALTO DA RIVIERA,"AV. PROF. MÁRIO MAZAGAO, 194 - ALTO DA RIVIERA - CEP:04929-080 - Tel: 5898-5757/",
Jardim Ângela,UBS CHÁCARA SANTA MARIA,"R. CICLADES, 250 - CHÁCARA SANTA MARIA - CEP: 05876-040 -Tel: 5180-6060/ 5833-5262",
Jardim Ângela,UBS CIDADE IPAVA,"AV. TAQUANDAVA, 31 - CIDADE IPAVA - CEP: 04950-000 - Tel:5898-5300/ 5899-7497",
Jardim Ângela,UBS HORIZONTE AZUL,"R. ALBERGATI CAPACELLI, 2200 - HORIZONTE AZUL - CEP:04963-000 - Tel: 5517-1941",
Jardim Ângela,UBS JARDIM ARACATI,"R. FANCISCO HOMEM DEL REI, 87 - JD ARACATI - CEP: 04949-070 - Tel: 5896-1139/ 5896-1027",
Jardim Ângela,UBS JARDIM CAIÇARA,"R. SERAFIM ALVARES, 46 - JD CAIÇARA - CEP: 05871-370 - Tel:5512-5100",
Jardim Ângela,UBS JARDIM COIMBRA,"ESTRADA DO M BOI MIRIM, 3301 - JD COIMBRA - CEP: 04905-023 - Tel: 5898-5454/ 5892-2327",
Jardim Ângela,UBS JARDIM GUARUJÁ,"R. JOÃO DE ALMADA, 25 - JD GUARUJA - CEP: 05875-300 - Tel:4215-0098",
Jardim Ângela,UBS JARDIM HERCULANO,"R. INACIO LIMAS, 11 - JD HERCULANO - CEP: 04920-050 - Tel:5832-6643/ 5833-9946",
Jardim Ângela,UBS JARDIM NAKAMURA,"R. MANUEL VITOR DE JESUS, 811 - JD NAKAMURA - CEP:04942-100 - Tel: 5898-5555/ 5831-0892",
Jardim Ângela,UBS JARDIM PARANAPANEMA,"R. PIETRO DA MILANO, 100 - VL SANTO AMARO - CEP: 05875-360 - Tel: 5898-5800",
Jardim Ângela,UBS JARDIM SANTA MARGARIDA,"R. CAPAO REDONDO, 175 - PQ SANTO AMARO - CEP: 04931-100 - Tel: 5891-8909",
Jardim Ângela,UBS PARQUE DO LAGO,"ESTRADA DA BARONESA, 1000 - PQ DO LAGO - CEP: 04945-012 - Tel: 3302-0797",
Jardim Ângela,UBS PARQUE NOVO SANTO AMARO,"R. PORTA DO PRADO, 18 - PQ NOVO STO AMARO - CEP: 05874130 - Tel: 5831-1448/",
Jardim Ângela,UBS SANTA LÚCIA,"R. CARMELO CALI, 26 - VL SANTA LÚCIA - CEP: 04940-070 - Tel:5898-5400/ 5831-6291",
Jardim Ângela,"UBS VERA CRUZ - DR FERNANDOPROENÇA DE GOUVEA","AV. FUNCIONÁRIOS PÚBLICOS (REF.:R.PABLO BRUNA), 379 -JD VERA CRUZ - CEP: 04962-000 - Tel: 5898-5900/ 5898-5906",
Jardim Ângela,UBS VILA CALU,"ESTRADA DO M BOI MIRIM, 10416 - VILA CALU - CEP: 04948-030 - Tel: 5832-5700/",
"Jardim SãoLuís",AMA/UBS JARDIM ALFREDO,"R. DINAR, 51 - JD ALFREDO - CEP: 04913-120 - Tel: 5514-6355/",
"Jardim SãoLuís",AMA/UBS PARQUE SANTO ANTONIO,"R. MANUEL BORDALO PINHEIRO, 100 - PQ SANTO ANTONIO -CEP: 05850-230 - Tel: 5511-4249/ 5816-5546",
"Jardim SãoLuís",UBS BRASÍLIA - M BOI,"R. MAPORÉ, 352 - JD SÃO LUIZ - CEP: 05846-390 - Tel: 5511-8717/",
"Jardim SãoLuís",UBS CHÁCARA SANTANA,"R. BALTAZAR DE SA, 383 - CHÁCARA SANTANA - CEP: 05831-030 - Tel: 5514-6448/ 5891-2843",
"Jardim SãoLuís",UBS JARDIM CELESTE,"R. JOÃO FERNANDES CAMISA NOVA JR., 865 - JD CELESTE -CEP: 05844-000 - Tel: 5812-3738/",
"Jardim SãoLuís",UBS JARDIM SOUZA,"R. FRANCISCO DE ALMEIDA SOUZA, 481 - JARDIM SOUZA -CEP: 04917-070 - Tel: 5514-6430/ 5514-6404",
SUL,"Jardim SãoLuís",UBS JARDIM THOMAS,"R. AUDÁLIO GONÇALVES DOS SANTOS, 158 - JD THOMAS -CEP: 05833-040 - Tel: 5514-0345/ 5894-4218"
"Jardim SãoLuís",UBS NOVO CAMINHO,"R. ANTONIO DA MATA JUNIOR, 943 - JD SÃO LUIZ - CEP: 05812-030 - Tel: 5851-9026/",
"Jardim SãoLuís",UBS NOVO JARDIM I,"R. PHILIPPE DE VITRY, 282 - JD STA JOSEFINA - CEP: 05819-080 - Tel: 5892-2134/ 5892-2719",
"Jardim SãoLuís",UBS PARQUE FIGUEIRA GRANDE,"R. DANIEL KLEIN, 211 - PQ FIGUEIRA GRANDE - CEP: 04915-170 - Tel: 5514-6609/ 5894-4788",
"Jardim SãoLuís","UBS VILA DAS BELEZAS - DR. ALBERTOAMBRÓSIO","R. TENENTE ISAIAS BRANCO DE ARAUJO, 101/103 - VL DASBELEZAS - CEP: 05841-150 - Tel: 5511-4712/ 5816-8519",
"Jardim SãoLuís",UBS ZUMBI DOS PALMARES,"R. HUMBERTO DE ALMEIDA, 279 - CHÁCARA SANTANA - CEP:05831-000 - Tel: 5897-2564/ 5891-4013",
Marsilac,UBS JARDIM EMBURA,"ESTRADA BENEDITO SCHUNCK, 8 - JD EMBURA - CEP: 04893-050 - Tel: 5975-2192/",
Marsilac,UBS MARSILAC,"ESTRADA ENGENHEIRO MARSILAC, 14487 - MARSILAC - CEP:04891-000 - Tel: 5975-2281/",
Marsilac,"UBS PONTE SECA - DOM LUCIANOBERGAMIN","ESTRADA DA LIGAÇAO, 1 - MARSILAC - ZONA RURAL - CEP:04891-360 - Tel: 5978-6394/ 5975-1057",
Moema,UBS INDIANÓPOLIS - SIGMUND FREUD,"AV. DOS CARINÁS, 525 - MOEMA - CEP: 04086-011 - Tel: 5054-2705/",
Moema,UBS VILA OLIMPIA - MAX PERLMAN,"R. JACQUES FELIX, 499 - VL NOVA CONCEIÇÃO - CEP: 04509-001 - Tel: 3842-4849/ 3842-5146",
Parelheiros,UBS BARRAGEM,"R. DOIS, 3 - BARRAGEM - CEP: 04877-110 - Tel: 5977-3212/",
Parelheiros,UBS COLONIA,"R. NOSSA SENHORA APARECIDA, 342 - COLONIA PAULISTA -CEP: 04892-230 - Tel: 5977-3269/",
Parelheiros,UBS JARDIM CAMPINAS,"R. DAS PLEIADES, 35 - JD MARIA AMALIA - CEP: 04858-550 -Tel: 5527-3589/ 5527-2000",
Parelheiros,UBS JARDIM DAS FONTES,"R. MABEL NORMANDO, 122 - JD FONTES - CEP: 04891-000 -Tel: 5975-4221/ 5975-2538",
Parelheiros,UBS JARDIM IPORÃ,"R. FORTE DE VILA BELA, 29 - JARDIM IPORÃ - CEP: 04865-170 -Tel: 5922-3053/ 5922-8486",
Parelheiros,UBS JARDIM SANTA FÉ,"R. CONDE DE LANCASTRE, 214 - JD SANTA FÉ - CEP: 04890-290 - Tel: 5921-9504/ 5922-3053",
Parelheiros,UBS JARDIM SÃO NORBERTO,"AV. DOMENICO LANZETTI, S/N - JD SÃO NORBERTO - CEP:04884-210 - Tel: 5921-8900/",
Parelheiros,UBS JARDIM SILVEIRA,"R. BONIFÁCIO ASIOLI, 162 - JARDIM SILVEIRA - CEP: 04892-040- Tel: 5921-5294/ 5921-4490",
Parelheiros,UBS KRUKUTU,"ESTRADA DO CURUCUTU, S/No - CIPÓ DO MEIO - CEP: 04895-090 - Tel:",
Parelheiros,UBS NOVA AMÉRICA,"R. EDUARDO COLLIER FILHO, 14 - CIDADE NOVA AMERICA -CEP: 04895-020 - Tel: 5977-3507/ 5977-1966",
Parelheiros,UBS PARELHEIROS,"R. MARIO TRAPE, 100 - JARDIM NOVO PARELHEIROS - CEP:04890-430 - Tel: 5921-6780/ 5921-4946",
Parelheiros,UBS RECANTO CAMPO BELO,"R. VIRGINIA MODESTO, 800 - RECANTO CAMPO BELO - CEP:04880-035 - Tel: 5527-4345/ 5921-8022",
Parelheiros,UBS VARGEM GRANDE,"R. DAS ARARAS, 49 - VARGEM GRANDE - CEP: 04896-260 - Tel:5921-2111/ 5920-0261",
SUL,Parelheiros,UBS VERA POTY,"ESTRADA JOÃO LANG, 153 - BARRAGEM - CEP: 04895-070 -Tel: 5977-3851/ 5977-0022"
Parelheiros,UBS VILA MARCELO,"R. AMADO BENEDITO VILAS BOAS, 616 - VL MARCELO - CEP:04866-000 - Tel: 5979-8972/ 5922-3576",
Parelheiros,UBS VILA ROSCHEL,"R. ALICE BASTIDE, 290 - VL ROSCHEL - CEP: 04891-140 - Tel:5920-2604/",
Pedreira,UBS JARDIM APURÁ,"R. DR DARI BARCELOS, 37 - JARDIM APURA - CEP: 04470-170 -Tel: 5673-0001/ 5673-3734",
Pedreira,UBS JARDIM NOVO PANTANAL - PEDREIRA,"AV. PROF. CARDOZO DE MELLO NETO, 674 - JARDIM SANTATEREZINHA - CEP: 04474-180 - Tel: 5672-7092/ 5672-7244",
Pedreira,UBS JARDIM SELMA - CIDADE ADEMAR,"R. PEDRO FERNANDES ARAGÃO, 305 - JARDIM SELMA - CEP:04431-160 - Tel: 5611-6743/ 5611-8287",
Pedreira,UBS LARANJEIRAS,"R. DENIS FURTEL, 108 - LARANJEIRAS - CEP: 04476-145 - Tel:5673-6181/ 5673-6180",
Pedreira,UBS MAR PAULISTA,"R. MATSUICHI WADA, 393 - BALNEÁRIO MAR PAULISTA - CEP:04463-060 - Tel: 5612-4192/",
Pedreira,UBS MATA VIRGEM,"ESTRADA DA SAUDE, 47 - ELDORADO - CEP: 04476-320 - Tel:5673-4455/ 5673-4477",
Pedreira,UBS PARQUE DOROTEIA,"R. DOS ANIQUIS, 3 - JD SANTA TEREZINHA - CEP: 04474-000 -Tel: 5672-7444/ 5560-0890",
Pedreira,UBS VILA APARECIDA,"AV. BATISTA MACIEL, 430 - ELDORADO - CEP: 04459-110 - Tel:5612-9644/ 5612-2850",
Pedreira,"UBS VILA GUACURI - CICERO SERGIOCAVALCANTE","R. VALENTINO FIORAVANTE, 416 - JD RUBILENE - CEP: 04475-380 - Tel: 5674-0921/ 5673-0888",
Sacomã,AMA/UBS PARQUE BRISTOL,"R. FRANCOIS BUNEL, 194 - PQ BRISTOL - CEP: 04193-310 - Tel:2331-3089/ 2964-9357",
Sacomã,UBS EDUARDO ROMANO RESCHILIAN,"R. DR LAFAIETE DE SOUZA CAMARGO, 40 - JD CLIMAX - CEP:04177-380 - Tel: 2335-5319",
Sacomã,"UBS JARDIM SÃO SAVÉRIO - AURELIOMELLONE","R. ATILIO SELVA, 10 - JD CELESTE - CEP: 04195-060 - Tel: 2331-2131/ 2331-7586",
Sacomã,UBS JARDIM SECKLER,"R. CARLOS MAURO, 114 - SÃO JOÃO CLIMACO - CEP: 04240-150 - Tel: 2946-8532",
Sacomã,UBS LUIZ ERNESTO MAZZONI,"AV. CARLOS LIVIERO, 566 - VL LIVIERO - CEP: 04186-100 - Tel:2331-9624/ 2335-8124",
Sacomã,UBS MOINHO VELHO II,"R. BELGRADO, 323 - MOINHO VELHO - CEP: 04285-041 - Tel:2274-1059/ 2062-6416",
Sacomã,UBS SACOMA EDMUNDO SUSSUMU FUJITA,"ESTRADA DAS LAGRIMAS, 1604 - SACOMÃ - CEP: 04232-000 -Tel: 2063-1581",
Sacomã,UBS VILA ARAPUÃ - NELSON MORAES,"R. COLOMBO FLORENCE, 235 - VILA ARAPUA - CEP: 04257-045- Tel: 2946-6660/",
Sacomã,UBS VILA DAS MERCÊS,"R. NOSSA SENHORA DAS MERCÊS, 1315 - VL DAS MERCÊS -CEP: 04165-001 - Tel: 2946-1443/",
Santo Amaro,"UBS CHÁCARA SANTO ANTONIO - DR.MARCILIO DE ARRUDA PENTEADO FILHO","R. ALEXANDRE DUMAS, 719 - CHÁCARA SANTO ANTONIO -CEP: 04717-000 - Tel: 5181-7894/ 5183-6139",
Santo Amaro,"UBS SANTO AMARO - DR. SÉRGIO VILLAÇABRAGA","R. CONDE DE ITU, 359 - SANTO AMARO - CEP: 04741-000 - Tel:5687-5039/ 5541-8807",
SUL,Saúde,"UBS PARQUE IMPERIAL - MANOELANTONIO DA SILVA SARAGOÇA","R. MAJOR FREIRE, 510 - VILA MONTE ALEGRE - CEP: 04304-110 - Tel: 5581-0426/ 5594-1532"
Saúde,UBS PROF. MILTON SANTOS,"AV. CECI, 2249 - PLANALTO PAULISTA - CEP: 04065-004 - Tel:5581-0426/",
Socorro,UBS VELEIROS,"AV. CLARA MANTELLI, 185 - VELEIROS - CEP: 04771-180 - Tel:5681-5520/ 5687-0639",
Vila Andrade,UBS JARDIM DAS PALMAS,"R. FRANCISCO DE SALES, 10 - JD DAS PALMAS - CEP: 05749-280 - Tel: 5843-8340/ 5844-4558",
Vila Andrade,UBS PARAISOPOLIS,"R. MELCHIOR GIOLA, 80 - JD PARAISOPOLIS - CEP: 05664-000 -Tel: 3744-5223/ 3744-5822",
Vila Andrade,UBS PARAISOPOLIS II,"R. PASQUALE GUALUPPI, 951 - PARAISÓPOLIS - CEP: 05660-000 - Tel: 3501-9031/ 3501-2839",
Vila Andrade,UBS PARAISOPOLIS III,"R. SILVEIRA SAMPAIO, 660 - JD MORUMBI - CEP: 05656-010 -Tel: 3742-1323/ 3742-2974",
Vila Andrade,"UBS VILA PRAIA -VITORIO ROLANDOBOCCALETTI","R. ANDRÉ DE ANDRADE, S/N - VILA PRAIA - CEP: 05749-240 -Tel: 3501-3603/ 3742-9041",
Vila Mariana,UBS SANTA CRUZ,"R. SANTA CRUZ, 1191 - VILA MARIANA - CEP: 04121-001 - Tel:5084-4558/ 5570-3389",
Vila Mariana,UBS VILA MARIANA,"R. PEDRO TOLEDO, 309 - VL CLEMENTINO - CEP: 04039-030 -Tel: 5082-1072/ 5339-0862",
